e8724756-5012-41e2-901f-e81f7b6893d1,b2098a80-c17d-11e4-b554-7eee90f74c0d,1,191.90,"{'en': 'Eocepeap', 'es': 'Csrtzrdovgys', 'fr': 'Zslcthfdexmg'}",26.84,oxbpzit.jpg
e8724756-5012-41e2-901f-e81f7b6893d1,62bc5180-34b2-11e5-92bf-d6f1562e0041,2,191.90,"{'en': 'Gthgdyn', 'es': 'Fxchxejocfh', 'fr': 'Idalalio'}",29.89,xgkatueveu.jpg
e8724756-5012-41e2-901f-e81f7b6893d1,ee7be980-6b97-11e5-8207-b31dacfeed77,1,191.90,"{'en': 'Jtxyliimztjo', 'es': 'Dlvoltjq', 'fr': 'Grihbztgpkar'}",34.71,lujde.jpg
e8724756-5012-41e2-901f-e81f7b6893d1,8dba0580-7855-11e5-bf0a-c4d5c4ea4ddd,1,191.90,"{'en': 'Fwpcsujfr', 'es': 'Uyafsp', 'fr': 'Yfzkhkvcj'}",28.45,sbvswp.jpg
e8724756-5012-41e2-901f-e81f7b6893d1,2b930300-4c23-11e6-9090-51bca1f46f93,2,191.90,"{'en': 'Nkmixqjmiys', 'es': 'Xjbibuokykys', 'fr': 'Yvnxzrtibl'}",21.06,qswtev.jpg
c53edd69-6be4-4c90-af52-5d00f0abb8bc,a05d1400-f972-11e4-809c-bcc94e880ed1,2,251.29,"{'en': 'Iizzesdqaa', 'es': 'Uslvroz', 'fr': 'Airnlhhu'}",18.20,eobbcliuryci.jpg
c53edd69-6be4-4c90-af52-5d00f0abb8bc,62304280-4fab-11e5-9c50-39b236e6516b,3,251.29,"{'en': 'Aeqmtrnuows', 'es': 'Uaxwfknifxwcm', 'fr': 'Goprur'}",23.21,ustsdxdgeqqd.jpg
c53edd69-6be4-4c90-af52-5d00f0abb8bc,95615700-2720-11e6-a97e-e9ad2cecd7fc,3,251.29,"{'en': 'Tvzwgy', 'es': 'Vkpuxytzy', 'fr': 'Wipsegrtfayum'}",32.49,ynbxe.jpg
c53edd69-6be4-4c90-af52-5d00f0abb8bc,a93c4980-6d5f-11e6-9083-0bba6972236f,2,251.29,"{'en': 'Lhsamwhoi', 'es': 'Ygarsybuzzd', 'fr': 'Xjpuojfgz'}",13.32,icamezdmbasn.jpg
c53edd69-6be4-4c90-af52-5d00f0abb8bc,d5ac6d80-960c-11e6-91a1-995bbe4f385a,1,251.29,"{'en': 'Wuacfypuj', 'es': 'Aegztzkuoxwex', 'fr': 'Hohplhljm'}",21.15,zeloekpboc.jpg
11ebdaac-0709-4a47-b5a7-4ec11f1ea6bf,1e1b6380-d1fd-11e4-936b-a9109c2aa30f,3,171.69,"{'en': 'Zskilqamizjsg', 'es': 'Qymubacrxltxh', 'fr': 'Dxyjgqonbte'}",14.52,fxyic.jpg
11ebdaac-0709-4a47-b5a7-4ec11f1ea6bf,a05d1400-f972-11e4-809c-bcc94e880ed1,3,171.69,"{'en': 'Iizzesdqaa', 'es': 'Uslvroz', 'fr': 'Airnlhhu'}",18.20,eobbcliuryci.jpg
11ebdaac-0709-4a47-b5a7-4ec11f1ea6bf,8b1f3900-e5c7-11e5-861e-f2fd547b8298,3,171.69,"{'en': 'Lmdwflzcm', 'es': 'Ogwoslrghwj', 'fr': 'Txdzqgtonuwde'}",24.51,ysnqtgb.jpg
a4516f55-1a6b-4d39-b273-2f96d9698498,c0f46600-d175-11e6-af8a-8870a961368a,1,75.91,"{'en': 'Tfeewbmxc', 'es': 'Qgzthkowawkq', 'fr': 'Qcxjdroplygfg'}",15.49,yngsrrd.jpg
a4516f55-1a6b-4d39-b273-2f96d9698498,9410ed00-15c4-11e7-99bc-b567736e1d6d,3,75.91,"{'en': 'Iqfomfpevca', 'es': 'Aaskrm', 'fr': 'Aipehmcsqr'}",20.14,uiztyvvkwb.jpg
71ec6ffa-f01a-42d1-b30b-839b841d62d6,ae4e0b00-1168-11e6-9ef2-209a8afd1be9,3,140.71,"{'en': 'Icxkwyoxn', 'es': 'Pqqncysq', 'fr': 'Wiwizvcd'}",14.91,oyrbxdunogo.jpg
71ec6ffa-f01a-42d1-b30b-839b841d62d6,79bfd100-6a2f-11e6-9ad7-93bb5a51ead3,1,140.71,"{'en': 'Wuszpdt', 'es': 'Alsvuvv', 'fr': 'Icsiiwbdcwyss'}",34.55,hfqyo.jpg
71ec6ffa-f01a-42d1-b30b-839b841d62d6,d5ac6d80-960c-11e6-91a1-995bbe4f385a,1,140.71,"{'en': 'Wuacfypuj', 'es': 'Aegztzkuoxwex', 'fr': 'Hohplhljm'}",21.15,zeloekpboc.jpg
71ec6ffa-f01a-42d1-b30b-839b841d62d6,9410ed00-15c4-11e7-99bc-b567736e1d6d,2,140.71,"{'en': 'Iqfomfpevca', 'es': 'Aaskrm', 'fr': 'Aipehmcsqr'}",20.14,uiztyvvkwb.jpg
8856b017-f9c4-46cc-a282-fa8b8c5aecf4,23a35d80-58b2-11e5-be45-8ea58872a947,2,187.23,"{'en': 'Zobpim', 'es': 'Imdxwfatl', 'fr': 'Xlqpqpl'}",22.54,kodijrphv.jpg
8856b017-f9c4-46cc-a282-fa8b8c5aecf4,d50bd880-2220-11e6-b3f6-fbdb914f96d8,2,187.23,"{'en': 'Appglx', 'es': 'Cdkojylw', 'fr': 'Yvhriyk'}",45.10,zfpkkyaisro.jpg
8856b017-f9c4-46cc-a282-fa8b8c5aecf4,ec70c200-773a-11e6-b5b1-122f4b2a2426,2,187.23,"{'en': 'Bfmyhpg', 'es': 'Gcdwgwpfzl', 'fr': 'Nqxbgmsa'}",11.09,mcyuufn.jpg
8856b017-f9c4-46cc-a282-fa8b8c5aecf4,a3664f80-77c6-11e6-adb6-8faffaff5d86,1,187.23,"{'en': 'Nbtckylxgqb', 'es': 'Bspmgvh', 'fr': 'Xfsbyilw'}",15.14,lrzcrv.jpg
8856b017-f9c4-46cc-a282-fa8b8c5aecf4,dfb1ff80-0f0f-11e7-8e0f-1be029378808,1,187.23,"{'en': 'Wdutpvaarvl', 'es': 'Prazwsfsomjv', 'fr': 'Eslmmsrtq'}",14.63,qhaqamjxpqgg.jpg
cfa6d886-d507-4bbb-90a2-08316a6081d3,bb066a80-2123-11e5-b4d8-3eecfc1d94b5,3,292.15,"{'en': 'Sobytpchekph', 'es': 'Utnkefl', 'fr': 'Cyamxcjse'}",32.46,vhubjvl.jpg
cfa6d886-d507-4bbb-90a2-08316a6081d3,54ccbc80-bb36-11e5-9d4b-956006a8c68d,3,292.15,"{'en': 'Smbzhuijnjch', 'es': 'Knpefbzudz', 'fr': 'Basnhmj'}",32.94,drnmueqab.jpg
cfa6d886-d507-4bbb-90a2-08316a6081d3,e3dbd980-1a2f-11e6-bcb1-c1bd91b1e760,2,292.15,"{'en': 'Rigeaewjdcx', 'es': 'Ibdjkodsapxn', 'fr': 'Ljlspgh'}",33.25,yqltnplzii.jpg
cfa6d886-d507-4bbb-90a2-08316a6081d3,cae3fa80-777b-11e6-9738-b343125580db,1,292.15,"{'en': 'Mqdaweuisvh', 'es': 'Quxnhxr', 'fr': 'Suyyil'}",11.34,yvxilg.jpg
cfa6d886-d507-4bbb-90a2-08316a6081d3,45c9dc00-ca20-11e6-aff9-41ff848969df,1,292.15,"{'en': 'Rqtkrrfm', 'es': 'Ipmtezu', 'fr': 'Gyyneu'}",18.11,cahns.jpg
d1c38828-bfb4-47e6-931d-bfad5db46304,37ddb480-3c8d-11e5-bfb8-d953b3e2da69,3,338.62,"{'en': 'Rwhfnmwjvv', 'es': 'Tsxrme', 'fr': 'Ssdqbeqpjou'}",18.73,zbckfy.jpg
d1c38828-bfb4-47e6-931d-bfad5db46304,c65f7c80-d327-11e5-b92d-7e1171d66ccb,2,338.62,"{'en': 'Hhrtleygt', 'es': 'Mlzmmxbaqcmsd', 'fr': 'Zrtyvpi'}",43.87,zincljs.jpg
d1c38828-bfb4-47e6-931d-bfad5db46304,8b1f3900-e5c7-11e5-861e-f2fd547b8298,3,338.62,"{'en': 'Lmdwflzcm', 'es': 'Ogwoslrghwj', 'fr': 'Txdzqgtonuwde'}",24.51,ysnqtgb.jpg
d1c38828-bfb4-47e6-931d-bfad5db46304,874dad80-621c-11e6-8a27-fc759d922773,3,338.62,"{'en': 'Sqevenhrmzf', 'es': 'Gfimwdasle', 'fr': 'Scyvpogubzqpk'}",35.34,gkbfhvndeqc.jpg
d1c38828-bfb4-47e6-931d-bfad5db46304,a3664f80-77c6-11e6-adb6-8faffaff5d86,1,338.62,"{'en': 'Nbtckylxgqb', 'es': 'Bspmgvh', 'fr': 'Xfsbyilw'}",15.14,lrzcrv.jpg
b92cb156-22d2-4677-a926-dbe94ea78633,c65f7c80-d327-11e5-b92d-7e1171d66ccb,1,93.27,"{'en': 'Hhrtleygt', 'es': 'Mlzmmxbaqcmsd', 'fr': 'Zrtyvpi'}",43.87,zincljs.jpg
b92cb156-22d2-4677-a926-dbe94ea78633,b99e6900-1ded-11e6-9673-c938f540054a,1,93.27,"{'en': 'Gnxjfjrecas', 'es': 'Lgikxapve', 'fr': 'Okstgxkang'}",26.72,ltngzkvxigr.jpg
b92cb156-22d2-4677-a926-dbe94ea78633,cae3fa80-777b-11e6-9738-b343125580db,2,93.27,"{'en': 'Mqdaweuisvh', 'es': 'Quxnhxr', 'fr': 'Suyyil'}",11.34,yvxilg.jpg
e93303b8-d04f-436c-811f-d7f0de9d2638,77348000-cefb-11e4-922d-5b202761d597,3,410.24,"{'en': 'Sgddyerheg', 'es': 'Yhqixtrktuomo', 'fr': 'Jpupwgcdfpsxv'}",23.13,zpzslfh.jpg
e93303b8-d04f-436c-811f-d7f0de9d2638,d6f61080-163b-11e5-862e-d900258a186f,2,410.24,"{'en': 'Fdjzdmkd', 'es': 'Ufsdqvbofm', 'fr': 'Xqilpg'}",28.93,mfvdjx.jpg
e93303b8-d04f-436c-811f-d7f0de9d2638,ee7be980-6b97-11e5-8207-b31dacfeed77,3,410.24,"{'en': 'Jtxyliimztjo', 'es': 'Dlvoltjq', 'fr': 'Grihbztgpkar'}",34.71,lujde.jpg
e93303b8-d04f-436c-811f-d7f0de9d2638,89f1c700-ed92-11e5-b32a-95e53011b70b,2,410.24,"{'en': 'Phxjwg', 'es': 'Aguhexqwxnoq', 'fr': 'Tlnvhqgr'}",30.76,jaoawrwc.jpg
e93303b8-d04f-436c-811f-d7f0de9d2638,c8030580-1953-11e6-878e-2e3f1a130028,3,410.24,"{'en': 'Vvjkkavslb', 'es': 'Gebuiyzcy', 'fr': 'Wxfbqz'}",27.04,guciqqjy.jpg
e93303b8-d04f-436c-811f-d7f0de9d2638,45c9dc00-ca20-11e6-aff9-41ff848969df,2,410.24,"{'en': 'Rqtkrrfm', 'es': 'Ipmtezu', 'fr': 'Gyyneu'}",18.11,cahns.jpg
310513d7-ce30-463c-a364-28eab1f230be,62bc5180-34b2-11e5-92bf-d6f1562e0041,2,292.67,"{'en': 'Gthgdyn', 'es': 'Fxchxejocfh', 'fr': 'Idalalio'}",29.89,xgkatueveu.jpg
310513d7-ce30-463c-a364-28eab1f230be,0d82e700-0e1a-11e6-af15-5b6b280f05fa,3,292.67,"{'en': 'Ggcmcrbvwy', 'es': 'Ixwimweubo', 'fr': 'Hwpslrq'}",36.51,qkkjigu.jpg
310513d7-ce30-463c-a364-28eab1f230be,a93c4980-6d5f-11e6-9083-0bba6972236f,3,292.67,"{'en': 'Lhsamwhoi', 'es': 'Ygarsybuzzd', 'fr': 'Xjpuojfgz'}",13.32,icamezdmbasn.jpg
310513d7-ce30-463c-a364-28eab1f230be,d5ac6d80-960c-11e6-91a1-995bbe4f385a,2,292.67,"{'en': 'Wuacfypuj', 'es': 'Aegztzkuoxwex', 'fr': 'Hohplhljm'}",21.15,zeloekpboc.jpg
310513d7-ce30-463c-a364-28eab1f230be,5c9e8500-b9c4-11e6-a278-ebac169b741b,3,292.67,"{'en': 'Efullb', 'es': 'Oujdqwmoz', 'fr': 'Amvmirjqutfz'}",13.70,truxdzovej.jpg
