3c1859b9-1848-11e7-8b14-0eb188311a1a,c3a00200-1c46-11e5-8cfc-52fd3d828e1f,Arartosa,Aparatos,Aossaa,Nustukf,Elqxeomwlf,Qwauljb,37.68,loileuf.jpg
3c1859b9-1848-11e7-8b14-0eb188311a1a,86c46e00-5f0a-11e5-bf0e-669bc61c9e84,Arartosa,Aparatos,Aossaa,Fkpujdavhj,Ifhualo,Eenozvvksur,37.33,fxukqaoaf.jpg
3c1859b9-1848-11e7-8b14-0eb188311a1a,43fa6580-6756-11e5-831c-0e7497a78dc9,Arartosa,Aparatos,Aossaa,Subrjzid,Kjtzongahmgvl,Nisnvnjuv,35.59,vxpnzwgwt.jpg
3c1859b9-1848-11e7-8b14-0eb188311a1a,b10c0380-91b9-11e5-8244-089abed2d2d2,Arartosa,Aparatos,Aossaa,Khesyaozd,Ybsudpzsfjzoe,Ppuivpar,19.36,pomaibgljx.jpg
3c1859b9-1848-11e7-8b14-0eb188311a1a,c2137480-dda7-11e5-8ce2-8243739b73d7,Arartosa,Aparatos,Aossaa,Gkpjxm,Gihkaodrcnnw,Uojpzotuajwr,21.67,yomlnxysdla.jpg
3c1859b9-1848-11e7-8b14-0eb188311a1a,8b1f3900-e5c7-11e5-861e-f2fd547b8298,Arartosa,Aparatos,Aossaa,Lmdwflzcm,Ogwoslrghwj,Txdzqgtonuwde,24.51,ysnqtgb.jpg
3c1859b9-1848-11e7-8b14-0eb188311a1a,ae4e0b00-1168-11e6-9ef2-209a8afd1be9,Arartosa,Aparatos,Aossaa,Icxkwyoxn,Pqqncysq,Wiwizvcd,14.91,oyrbxdunogo.jpg
3c1859b9-1848-11e7-8b14-0eb188311a1a,23dd5080-565e-11e6-9262-ecc9e831c9d3,Arartosa,Aparatos,Aossaa,Rbgcwhusjckd,Qurqgdgmkzmf,Lniybrefwhf,20.40,twdqwr.jpg
3c1859b9-1848-11e7-8b14-0eb188311a1a,8fa22d80-5a51-11e6-bec5-250a623d7835,Arartosa,Aparatos,Aossaa,Bujodfonnokai,Hffpgo,Hxnfrnbtcesm,36.11,cwloref.jpg
3c1859b9-1848-11e7-8b14-0eb188311a1a,dfb1ff80-0f0f-11e7-8e0f-1be029378808,Arartosa,Aparatos,Aossaa,Wdutpvaarvl,Prazwsfsomjv,Eslmmsrtq,14.63,qhaqamjxpqgg.jpg
3c1859bc-1848-11e7-8b14-0eb188311a1a,37ddb480-3c8d-11e5-bfb8-d953b3e2da69,Rap,Ropa,Roao,Rwhfnmwjvv,Tsxrme,Ssdqbeqpjou,18.73,zbckfy.jpg
3c1859bc-1848-11e7-8b14-0eb188311a1a,1dbbd780-71e4-11e5-aa5a-08dc3492ac1a,Rap,Ropa,Roao,Khmnrfb,Forigfkhxf,Qghoicb,36.09,ktdazql.jpg
3c1859bc-1848-11e7-8b14-0eb188311a1a,0d82e700-0e1a-11e6-af15-5b6b280f05fa,Rap,Ropa,Roao,Ggcmcrbvwy,Ixwimweubo,Hwpslrq,36.51,qkkjigu.jpg
3c1859bc-1848-11e7-8b14-0eb188311a1a,d50bd880-2220-11e6-b3f6-fbdb914f96d8,Rap,Ropa,Roao,Appglx,Cdkojylw,Yvhriyk,45.10,zfpkkyaisro.jpg
3c1859bc-1848-11e7-8b14-0eb188311a1a,a93c4980-6d5f-11e6-9083-0bba6972236f,Rap,Ropa,Roao,Lhsamwhoi,Ygarsybuzzd,Xjpuojfgz,13.32,icamezdmbasn.jpg
3c1859bc-1848-11e7-8b14-0eb188311a1a,4373b000-6da7-11e6-9d28-07600e09f4fa,Rap,Ropa,Roao,Xrtikg,Ggeoqqfi,Wgkser,45.46,bgmerzcha.jpg
3c1859bc-1848-11e7-8b14-0eb188311a1a,ebdd6c00-6f81-11e6-ac5f-f19f27fb34f3,Rap,Ropa,Roao,Dihowd,Depkicgxdfyt,Aormuwkmssgys,29.75,gcabdids.jpg
3c1859bc-1848-11e7-8b14-0eb188311a1a,ec70c200-773a-11e6-b5b1-122f4b2a2426,Rap,Ropa,Roao,Bfmyhpg,Gcdwgwpfzl,Nqxbgmsa,11.09,mcyuufn.jpg
3c1859bc-1848-11e7-8b14-0eb188311a1a,d5ac6d80-960c-11e6-91a1-995bbe4f385a,Rap,Ropa,Roao,Wuacfypuj,Aegztzkuoxwex,Hohplhljm,21.15,zeloekpboc.jpg
3c1859bc-1848-11e7-8b14-0eb188311a1a,bb5b8380-9f6c-11e6-b4c2-c6004815a3d9,Rap,Ropa,Roao,Arryglkokwrn,Qmvqdwykb,Efkjnbotvbpjt,35.62,mvxuy.jpg
3c1859bc-1848-11e7-8b14-0eb188311a1a,bf935300-f0bc-11e6-a458-23b53adc98fa,Rap,Ropa,Roao,Dnaedhsyhkxf,Fholpgqbconqi,Yeqdfsrtm,22.15,rwhzbbr.jpg
3c1859bd-1848-11e7-8b14-0eb188311a1a,1e1b6380-d1fd-11e4-936b-a9109c2aa30f,Jguegu,Juegos,Jougg,Zskilqamizjsg,Qymubacrxltxh,Dxyjgqonbte,14.52,fxyic.jpg
3c1859bd-1848-11e7-8b14-0eb188311a1a,6c5f3380-7993-11e5-a7c5-81772d310f76,Jguegu,Juegos,Jougg,Lpctmqxdu,Uqeqpt,Cwzebiekwo,40.01,ojlwwrh.jpg
3c1859bd-1848-11e7-8b14-0eb188311a1a,5255d800-c9fb-11e5-b9a6-71633a4dd8ab,Jguegu,Juegos,Jougg,Efbhly,Npxkzeslgkn,Yrkysetzngfcg,42.64,spvyonecgxm.jpg
3c1859bd-1848-11e7-8b14-0eb188311a1a,c65f7c80-d327-11e5-b92d-7e1171d66ccb,Jguegu,Juegos,Jougg,Hhrtleygt,Mlzmmxbaqcmsd,Zrtyvpi,43.87,zincljs.jpg
3c1859bd-1848-11e7-8b14-0eb188311a1a,939cac00-08b5-11e6-89f6-2d1c116d989e,Jguegu,Juegos,Jougg,Zgwmdgyirews,Imswlocqzaia,Lbrffwkr,39.31,npsswxjsr.jpg
3c1859bd-1848-11e7-8b14-0eb188311a1a,fa2cc880-4819-11e6-9a06-f358328b13a2,Jguegu,Juegos,Jougg,Myafcll,Nawboxa,Daubtzjweyfx,21.65,bnequuifsnys.jpg
3c1859bd-1848-11e7-8b14-0eb188311a1a,32e79a80-a745-11e6-bc61-14fce9447012,Jguegu,Juegos,Jougg,Hklxunqutfc,Xpxhgiuso,Ytqknvfkdic,34.59,syyqnwmt.jpg
3c1859be-1848-11e7-8b14-0eb188311a1a,77348000-cefb-11e4-922d-5b202761d597,Jue,Juguetes,Jgsgteue,Sgddyerheg,Yhqixtrktuomo,Jpupwgcdfpsxv,23.13,zpzslfh.jpg
3c1859be-1848-11e7-8b14-0eb188311a1a,054d7c00-108f-11e5-b0bb-ad0f9bbf48fc,Jue,Juguetes,Jgsgteue,Ubvwiyhh,Usyypyyjknpln,Nztllq,39.22,wfqjxw.jpg
3c1859be-1848-11e7-8b14-0eb188311a1a,b2254300-1386-11e5-8be3-4b11c68ded7a,Jue,Juguetes,Jgsgteue,Tbnwbxqrtulp,Tifuqy,Knrlfvkvo,17.25,nzrouqytckk.jpg
3c1859be-1848-11e7-8b14-0eb188311a1a,60f18c80-1509-11e5-b328-c8e2e0b2be5f,Jue,Juguetes,Jgsgteue,Xhazxdpxm,Sgbzzqnp,Zeywvs,13.20,urpwspqabpm.jpg
3c1859be-1848-11e7-8b14-0eb188311a1a,a0066600-4404-11e5-ac82-ae406cd0e6c8,Jue,Juguetes,Jgsgteue,Pautrhkrjhiie,Lptfayvwh,Qybedqypmbt,17.15,wpoyv.jpg
3c1859be-1848-11e7-8b14-0eb188311a1a,ee7be980-6b97-11e5-8207-b31dacfeed77,Jue,Juguetes,Jgsgteue,Jtxyliimztjo,Dlvoltjq,Grihbztgpkar,34.71,lujde.jpg
3c1859be-1848-11e7-8b14-0eb188311a1a,f41d2100-c0ed-11e5-88ef-3f4bc510e51f,Jue,Juguetes,Jgsgteue,Angnqk,Xhrorwzn,Hyuuzrbyeot,11.50,dyccdyywvsqx.jpg
3c1859be-1848-11e7-8b14-0eb188311a1a,35bc2180-cf60-11e5-9e26-d650f2990c7c,Jue,Juguetes,Jgsgteue,Tqzrrmhtiaipt,Vpkzxkpi,Lzkhirvnzewj,15.44,nzqkxwl.jpg
3c1859be-1848-11e7-8b14-0eb188311a1a,78519a00-fece-11e5-afa9-f60593fe7266,Jue,Juguetes,Jgsgteue,Yfxkqqm,Bqftfqgyucpov,Vsvsypqm,12.32,igycowpwkpmq.jpg
3c1859be-1848-11e7-8b14-0eb188311a1a,3cac2380-0c75-11e6-9189-e52d05b4f2c6,Jue,Juguetes,Jgsgteue,Cwgvqouaxq,Ltdpvqdypx,Pnorcpfdsynmv,35.24,sgogqj.jpg
3c1859be-1848-11e7-8b14-0eb188311a1a,95615700-2720-11e6-a97e-e9ad2cecd7fc,Jue,Juguetes,Jgsgteue,Tvzwgy,Vkpuxytzy,Wipsegrtfayum,32.49,ynbxe.jpg
3c1859be-1848-11e7-8b14-0eb188311a1a,999bad00-3460-11e6-bfcd-c076867d1cfb,Jue,Juguetes,Jgsgteue,Rkqijmn,Euwvswuhxqxls,Knzmpq,9.95,tdxrmgkzid.jpg
3c1859be-1848-11e7-8b14-0eb188311a1a,692bcf80-6fc8-11e6-9c14-5f5253587281,Jue,Juguetes,Jgsgteue,Jckuslfwfzv,Pwkbdlbl,Khojxqgtwlb,20.56,ujxlx.jpg
3c1859be-1848-11e7-8b14-0eb188311a1a,06b73980-7de6-11e6-bec8-194c88e9da2b,Jue,Juguetes,Jgsgteue,Gkgncqxiypkl,Dkdpaki,Anbxdiqwgw,20.67,rvzrjcuihgao.jpg
3c1859be-1848-11e7-8b14-0eb188311a1a,16ca0280-bbf8-11e6-b1fb-d5cab5d26627,Jue,Juguetes,Jgsgteue,Wmvhxaemobx,Xxcekhfqpxij,Fssusec,41.23,hlnfbwrlhmvy.jpg
3c1859be-1848-11e7-8b14-0eb188311a1a,fb621e00-d2af-11e6-8300-17a2f6785739,Jue,Juguetes,Jgsgteue,Bcjlcrokiry,Qtnboyv,Uwldptuvzq,18.72,nwofoe.jpg
3c1859be-1848-11e7-8b14-0eb188311a1a,e111ad80-eb97-11e6-ba3a-2865505814a6,Jue,Juguetes,Jgsgteue,Ileagtdmcqrn,Sysuhgsfgkc,Rssitnpmgpmh,30.02,gsjizcvdw.jpg
3c1859be-1848-11e7-8b14-0eb188311a1a,6c377000-1557-11e7-a924-57ef8eecaa17,Jue,Juguetes,Jgsgteue,Toqmbp,Ukjlosoldwl,Xnaqcctzcmbf,45.32,gvqsrxgemzc.jpg
3c1859bf-1848-11e7-8b14-0eb188311a1a,eca6a080-934f-11e4-9fb6-a0bce7c5347a,Meule,Muebles,Msuelee,Dyoujekxngk,Hitreug,Yhgfbseubzs,17.33,nflsa.jpg
3c1859bf-1848-11e7-8b14-0eb188311a1a,5da2dd00-b69e-11e4-a3c1-252b115a14f8,Meule,Muebles,Msuelee,Tsxdzesblrhr,Yytdni,Hytbdlvawd,28.37,dmlqayamrjx.jpg
3c1859bf-1848-11e7-8b14-0eb188311a1a,b2098a80-c17d-11e4-b554-7eee90f74c0d,Meule,Muebles,Msuelee,Eocepeap,Csrtzrdovgys,Zslcthfdexmg,26.84,oxbpzit.jpg
3c1859bf-1848-11e7-8b14-0eb188311a1a,b2d71000-0bf5-11e5-aefa-2761c1c51b4b,Meule,Muebles,Msuelee,Pfturuumxye,Zyjbzxutbnaf,Lzuvulamwsp,36.70,mpcjkztwb.jpg
3c1859bf-1848-11e7-8b14-0eb188311a1a,89f1c700-ed92-11e5-b32a-95e53011b70b,Meule,Muebles,Msuelee,Phxjwg,Aguhexqwxnoq,Tlnvhqgr,30.76,jaoawrwc.jpg
3c1859bf-1848-11e7-8b14-0eb188311a1a,31caee80-4e72-11e6-9fbd-36023c580c58,Meule,Muebles,Msuelee,Nodcyrbr,Seczciohlvj,Ybxdyjwdsrqch,19.57,zqlaxm.jpg
3c1859bf-1848-11e7-8b14-0eb188311a1a,98b17800-6aae-11e6-8c98-1e2a1152da96,Meule,Muebles,Msuelee,Lvkkqekcaj,Mzskhdo,Kyxesh,33.17,zwhyylzw.jpg
3c1859bf-1848-11e7-8b14-0eb188311a1a,cae3fa80-777b-11e6-9738-b343125580db,Meule,Muebles,Msuelee,Mqdaweuisvh,Quxnhxr,Suyyil,11.34,yvxilg.jpg
3c1859bf-1848-11e7-8b14-0eb188311a1a,2fd44e80-833f-11e6-9d64-1fd80ea49503,Meule,Muebles,Msuelee,Kivclqkpkuhds,Nginacsvb,Awisnwimtaljm,27.75,qbkfzc.jpg
3c1859bf-1848-11e7-8b14-0eb188311a1a,a5b5a100-8bee-11e6-86d5-e38632a7a2f3,Meule,Muebles,Msuelee,Xsqndrpaiv,Ammbtlllo,Qltlar,39.93,rddaxhikks.jpg
3c1859bf-1848-11e7-8b14-0eb188311a1a,5c9e8500-b9c4-11e6-a278-ebac169b741b,Meule,Muebles,Msuelee,Efullb,Oujdqwmoz,Amvmirjqutfz,13.70,truxdzovej.jpg
3c1859bf-1848-11e7-8b14-0eb188311a1a,c0f46600-d175-11e6-af8a-8870a961368a,Meule,Muebles,Msuelee,Tfeewbmxc,Qgzthkowawkq,Qcxjdroplygfg,15.49,yngsrrd.jpg
3c1859b8-1848-11e7-8b14-0eb188311a1a,936ff500-af2b-11e4-8b86-d32462e7289a,Mee,Media,Miad,Ovpxfoxikd,Zvriwn,Edecvowaq,25.16,uyokzl.jpg
3c1859b8-1848-11e7-8b14-0eb188311a1a,f2d3b080-b661-11e4-944c-1f9982fd525d,Mee,Media,Miad,Riemysr,Flftsygtcprq,Uzqcsknnfuaa,24.03,eqxvvvdumtu.jpg
3c1859b8-1848-11e7-8b14-0eb188311a1a,cc4f4580-c063-11e4-8fee-bb83bce6af3c,Mee,Media,Miad,Nhrvfyopgraj,Ufvaer,Nhoniscaimgy,33.90,khxtutbv.jpg
3c1859b8-1848-11e7-8b14-0eb188311a1a,2f1beb80-d501-11e4-b7d8-3210c009407d,Mee,Media,Miad,Uayqdeqnrfqb,Ngygaruccvpcv,Memauh,20.57,prbfegqatxdf.jpg
3c1859b8-1848-11e7-8b14-0eb188311a1a,d6f61080-163b-11e5-862e-d900258a186f,Mee,Media,Miad,Fdjzdmkd,Ufsdqvbofm,Xqilpg,28.93,mfvdjx.jpg
3c1859b8-1848-11e7-8b14-0eb188311a1a,af88eb00-3187-11e5-b694-c292beae2888,Mee,Media,Miad,Bkwsgzfz,Pwepzaxxhm,Cbvkfmigdzw,43.27,lsoijf.jpg
3c1859b8-1848-11e7-8b14-0eb188311a1a,e6e35b00-4e09-11e5-8e6f-044cf2bc3283,Mee,Media,Miad,Szxvtizahvf,Wnqyqq,Gumsixescq,39.33,yvtyamg.jpg
3c1859b8-1848-11e7-8b14-0eb188311a1a,62304280-4fab-11e5-9c50-39b236e6516b,Mee,Media,Miad,Aeqmtrnuows,Uaxwfknifxwcm,Goprur,23.21,ustsdxdgeqqd.jpg
3c1859b8-1848-11e7-8b14-0eb188311a1a,23a35d80-58b2-11e5-be45-8ea58872a947,Mee,Media,Miad,Zobpim,Imdxwfatl,Xlqpqpl,22.54,kodijrphv.jpg
3c1859b8-1848-11e7-8b14-0eb188311a1a,7916dd80-88e8-11e5-bcc3-2eea3f4b0271,Mee,Media,Miad,Rdhxxdnd,Fmhqdndsaploo,Tpzrob,26.40,vbzse.jpg
3c1859b8-1848-11e7-8b14-0eb188311a1a,68ce0180-05f0-11e6-a1c4-18fe29315529,Mee,Media,Miad,Glqsbpmdu,Yvmmpj,Kuxbic,32.51,hwvsleh.jpg
3c1859b8-1848-11e7-8b14-0eb188311a1a,874dad80-621c-11e6-8a27-fc759d922773,Mee,Media,Miad,Sqevenhrmzf,Gfimwdasle,Scyvpogubzqpk,35.34,gkbfhvndeqc.jpg
3c1859b8-1848-11e7-8b14-0eb188311a1a,79bfd100-6a2f-11e6-9ad7-93bb5a51ead3,Mee,Media,Miad,Wuszpdt,Alsvuvv,Icsiiwbdcwyss,34.55,hfqyo.jpg
3c1859b8-1848-11e7-8b14-0eb188311a1a,71b8af00-979c-11e6-8119-33fd12640fa6,Mee,Media,Miad,Pbabzpjeicwk,Pcdfwbzn,Fsnzgptzal,34.61,dieust.jpg
3c1859b8-1848-11e7-8b14-0eb188311a1a,6ca2ef00-9f56-11e6-b309-c8f8ac45a4a4,Mee,Media,Miad,Cqgjkzxbjahv,Pxzlvwdgwqqj,Exwrisb,17.08,oiygdohrsu.jpg
3c1859b8-1848-11e7-8b14-0eb188311a1a,1e319400-0259-11e7-b15e-6c8537ebd16e,Mee,Media,Miad,Ojppoyezi,Zhabln,Hgomhqmwck,11.44,oasidejllu.jpg
3c1859b8-1848-11e7-8b14-0eb188311a1a,9410ed00-15c4-11e7-99bc-b567736e1d6d,Mee,Media,Miad,Iqfomfpevca,Aaskrm,Aipehmcsqr,20.14,uiztyvvkwb.jpg
3c1859ba-1848-11e7-8b14-0eb188311a1a,35e0d380-d0a7-11e4-9f63-0d398104b025,Sep,Smartphones,Shhtpoahsnn,Hdqylhkjtn,Vjqdkmtedy,Qhblxskx,13.35,aygfbmrko.jpg
3c1859ba-1848-11e7-8b14-0eb188311a1a,bb066a80-2123-11e5-b4d8-3eecfc1d94b5,Sep,Smartphones,Shhtpoahsnn,Sobytpchekph,Utnkefl,Cyamxcjse,32.46,vhubjvl.jpg
3c1859ba-1848-11e7-8b14-0eb188311a1a,f5f09200-0779-11e6-8850-b263b0132e40,Sep,Smartphones,Shhtpoahsnn,Etceffoarxpiy,Cvizfdkffvas,Htfqyfl,32.59,ypibyi.jpg
3c1859ba-1848-11e7-8b14-0eb188311a1a,45c9dc00-ca20-11e6-aff9-41ff848969df,Sep,Smartphones,Shhtpoahsnn,Rqtkrrfm,Ipmtezu,Gyyneu,18.11,cahns.jpg
3c1859ba-1848-11e7-8b14-0eb188311a1a,ba23a880-0150-11e7-bb19-0c0012efbe30,Sep,Smartphones,Shhtpoahsnn,Styygn,Kmvhhhfaaifw,Vkjjptxrxifcs,14.95,oitugviuq.jpg
3c1859bb-1848-11e7-8b14-0eb188311a1a,cfb55580-a528-11e4-9d07-047953807806,Liri,Libros,Lsibb,Bplqkgqcfcj,Ofnvpjxuhrw,Mbbegkpvuiodz,29.36,gksmmabozahu.jpg
3c1859bb-1848-11e7-8b14-0eb188311a1a,a05d1400-f972-11e4-809c-bcc94e880ed1,Liri,Libros,Lsibb,Iizzesdqaa,Uslvroz,Airnlhhu,18.20,eobbcliuryci.jpg
3c1859bb-1848-11e7-8b14-0eb188311a1a,77d46880-072d-11e5-83f8-b22ab9ace9d2,Liri,Libros,Lsibb,Tdfobnulfd,Wkdqgdljhgjip,Vqmrouwkploi,38.36,edxpzjadjnai.jpg
3c1859bb-1848-11e7-8b14-0eb188311a1a,ae002400-333b-11e5-8381-39cbb64d2104,Liri,Libros,Lsibb,Hbpynyy,Rlhiygwpyv,Paihdw,12.91,egvfb.jpg
3c1859bb-1848-11e7-8b14-0eb188311a1a,62bc5180-34b2-11e5-92bf-d6f1562e0041,Liri,Libros,Lsibb,Gthgdyn,Fxchxejocfh,Idalalio,29.89,xgkatueveu.jpg
3c1859bb-1848-11e7-8b14-0eb188311a1a,8051df80-6969-11e5-9f7b-4732a5da9ae0,Liri,Libros,Lsibb,Wgdrtfpdght,Lxlyhgr,Nykzpgbglw,23.52,mmmtxzlmki.jpg
3c1859bb-1848-11e7-8b14-0eb188311a1a,8dba0580-7855-11e5-bf0a-c4d5c4ea4ddd,Liri,Libros,Lsibb,Fwpcsujfr,Uyafsp,Yfzkhkvcj,28.45,sbvswp.jpg
3c1859bb-1848-11e7-8b14-0eb188311a1a,d1932480-ad48-11e5-b39e-9e460d6e05d3,Liri,Libros,Lsibb,Ndtayqp,Mahmscui,Mzvnjw,25.33,bhtistcb.jpg
3c1859bb-1848-11e7-8b14-0eb188311a1a,54ccbc80-bb36-11e5-9d4b-956006a8c68d,Liri,Libros,Lsibb,Smbzhuijnjch,Knpefbzudz,Basnhmj,32.94,drnmueqab.jpg
3c1859bb-1848-11e7-8b14-0eb188311a1a,8f70b800-ead9-11e5-879a-67118684befd,Liri,Libros,Lsibb,Eocobcedrgrmr,Gagrlgeffhzfr,Ulamovbntz,42.86,rbbso.jpg
3c1859bb-1848-11e7-8b14-0eb188311a1a,54c24e00-0a8f-11e6-86b1-210704a2a273,Liri,Libros,Lsibb,Rukdgfbhpgi,Yzopqkctwxxhk,Xsgysugukf,24.26,azcdfias.jpg
3c1859bb-1848-11e7-8b14-0eb188311a1a,3f7a5b80-18a6-11e6-8950-a5a91d550621,Liri,Libros,Lsibb,Bblxijit,Rrjadew,Kajoqrcpquqyi,17.09,lijygasgpufw.jpg
3c1859bb-1848-11e7-8b14-0eb188311a1a,c8030580-1953-11e6-878e-2e3f1a130028,Liri,Libros,Lsibb,Vvjkkavslb,Gebuiyzcy,Wxfbqz,27.04,guciqqjy.jpg
3c1859bb-1848-11e7-8b14-0eb188311a1a,e3dbd980-1a2f-11e6-bcb1-c1bd91b1e760,Liri,Libros,Lsibb,Rigeaewjdcx,Ibdjkodsapxn,Ljlspgh,33.25,yqltnplzii.jpg
3c1859bb-1848-11e7-8b14-0eb188311a1a,b99e6900-1ded-11e6-9673-c938f540054a,Liri,Libros,Lsibb,Gnxjfjrecas,Lgikxapve,Okstgxkang,26.72,ltngzkvxigr.jpg
3c1859bb-1848-11e7-8b14-0eb188311a1a,2b930300-4c23-11e6-9090-51bca1f46f93,Liri,Libros,Lsibb,Nkmixqjmiys,Xjbibuokykys,Yvnxzrtibl,21.06,qswtev.jpg
3c1859bb-1848-11e7-8b14-0eb188311a1a,30007f00-66ed-11e6-857f-3a519f95dce1,Liri,Libros,Lsibb,Kmctoyhtuwwze,Hyrmxblgqs,Iftqkei,32.85,rypegqaqbip.jpg
3c1859bb-1848-11e7-8b14-0eb188311a1a,a3664f80-77c6-11e6-adb6-8faffaff5d86,Liri,Libros,Lsibb,Nbtckylxgqb,Bspmgvh,Xfsbyilw,15.14,lrzcrv.jpg
3c1859bb-1848-11e7-8b14-0eb188311a1a,70b9f880-d288-11e6-b126-0535e17ec5c9,Liri,Libros,Lsibb,Knarpxh,Jfbetecpdher,Sjglgylukc,40.49,ivhbrgcca.jpg
3c1859bb-1848-11e7-8b14-0eb188311a1a,799d8a00-ef18-11e6-8ac3-83ae8992b59d,Liri,Libros,Lsibb,Takyycnp,Crevqwuzv,Skvietvwqfig,21.89,xmrndjbreel.jpg
