NCKDGGIZDCBN,b2d71000-0bf5-11e5-aefa-2761c1c51b4b,3,2016-06-03 23:08:13.000+0000,164.58,"{'en': 'Pfturuumxye', 'es': 'Zyjbzxutbnaf', 'fr': 'Lzuvulamwsp'}",36.70,mpcjkztwb.jpg,a69a41e8-a292-4a73-85f5-757e7b1f011f
NCKDGGIZDCBN,d5ac6d80-960c-11e6-91a1-995bbe4f385a,1,2016-06-03 23:08:13.000+0000,164.58,"{'en': 'Wuacfypuj', 'es': 'Aegztzkuoxwex', 'fr': 'Hohplhljm'}",21.15,zeloekpboc.jpg,a69a41e8-a292-4a73-85f5-757e7b1f011f
NCKDGGIZDCBN,799d8a00-ef18-11e6-8ac3-83ae8992b59d,1,2016-06-03 23:08:13.000+0000,164.58,"{'en': 'Takyycnp', 'es': 'Crevqwuzv', 'fr': 'Skvietvwqfig'}",21.89,xmrndjbreel.jpg,a69a41e8-a292-4a73-85f5-757e7b1f011f
NCKDGGIZDCBN,1e319400-0259-11e7-b15e-6c8537ebd16e,1,2016-06-03 23:08:13.000+0000,164.58,"{'en': 'Ojppoyezi', 'es': 'Zhabln', 'fr': 'Hgomhqmwck'}",11.44,oasidejllu.jpg,a69a41e8-a292-4a73-85f5-757e7b1f011f
WVFYANOQTMQW,77348000-cefb-11e4-922d-5b202761d597,1,2015-06-13 11:38:14.000+0000,174.23,"{'en': 'Sgddyerheg', 'es': 'Yhqixtrktuomo', 'fr': 'Jpupwgcdfpsxv'}",23.13,zpzslfh.jpg,e8724756-5012-41e2-901f-e81f7b6893d1
WVFYANOQTMQW,f41d2100-c0ed-11e5-88ef-3f4bc510e51f,1,2015-06-13 11:38:14.000+0000,174.23,"{'en': 'Angnqk', 'es': 'Xhrorwzn', 'fr': 'Hyuuzrbyeot'}",11.50,dyccdyywvsqx.jpg,e8724756-5012-41e2-901f-e81f7b6893d1
WVFYANOQTMQW,c2137480-dda7-11e5-8ce2-8243739b73d7,1,2015-06-13 11:38:14.000+0000,174.23,"{'en': 'Gkpjxm', 'es': 'Gihkaodrcnnw', 'fr': 'Uojpzotuajwr'}",21.67,yomlnxysdla.jpg,e8724756-5012-41e2-901f-e81f7b6893d1
WVFYANOQTMQW,939cac00-08b5-11e6-89f6-2d1c116d989e,3,2015-06-13 11:38:14.000+0000,174.23,"{'en': 'Zgwmdgyirews', 'es': 'Imswlocqzaia', 'fr': 'Lbrffwkr'}",39.31,npsswxjsr.jpg,e8724756-5012-41e2-901f-e81f7b6893d1
KFTUOCQZDKIP,1e1b6380-d1fd-11e4-936b-a9109c2aa30f,3,2015-03-26 10:48:55.000+0000,194.47,"{'en': 'Zskilqamizjsg', 'es': 'Qymubacrxltxh', 'fr': 'Dxyjgqonbte'}",14.52,fxyic.jpg,11ebdaac-0709-4a47-b5a7-4ec11f1ea6bf
KFTUOCQZDKIP,1dbbd780-71e4-11e5-aa5a-08dc3492ac1a,3,2015-03-26 10:48:55.000+0000,194.47,"{'en': 'Khmnrfb', 'es': 'Forigfkhxf', 'fr': 'Qghoicb'}",36.09,ktdazql.jpg,11ebdaac-0709-4a47-b5a7-4ec11f1ea6bf
KFTUOCQZDKIP,5255d800-c9fb-11e5-b9a6-71633a4dd8ab,1,2015-03-26 10:48:55.000+0000,194.47,"{'en': 'Efbhly', 'es': 'Npxkzeslgkn', 'fr': 'Yrkysetzngfcg'}",42.64,spvyonecgxm.jpg,11ebdaac-0709-4a47-b5a7-4ec11f1ea6bf
USCKVJYSPBTY,43fa6580-6756-11e5-831c-0e7497a78dc9,2,2016-10-27 15:20:47.000+0000,71.18,"{'en': 'Subrjzid', 'es': 'Kjtzongahmgvl', 'fr': 'Nisnvnjuv'}",35.59,vxpnzwgwt.jpg,d1c38828-bfb4-47e6-931d-bfad5db46304
RXZHHMMNHRNG,1e319400-0259-11e7-b15e-6c8537ebd16e,1,2016-08-28 21:25:08.000+0000,11.44,"{'en': 'Ojppoyezi', 'es': 'Zhabln', 'fr': 'Hgomhqmwck'}",11.44,oasidejllu.jpg,e8724756-5012-41e2-901f-e81f7b6893d1
SSKPSNSGOHKQ,936ff500-af2b-11e4-8b86-d32462e7289a,3,2016-05-14 05:46:04.000+0000,105.76,"{'en': 'Ovpxfoxikd', 'es': 'Zvriwn', 'fr': 'Edecvowaq'}",25.16,uyokzl.jpg,a4516f55-1a6b-4d39-b273-2f96d9698498
SSKPSNSGOHKQ,a3664f80-77c6-11e6-adb6-8faffaff5d86,2,2016-05-14 05:46:04.000+0000,105.76,"{'en': 'Nbtckylxgqb', 'es': 'Bspmgvh', 'fr': 'Xfsbyilw'}",15.14,lrzcrv.jpg,a4516f55-1a6b-4d39-b273-2f96d9698498
CLLPDGDVIQUA,60f18c80-1509-11e5-b328-c8e2e0b2be5f,3,2016-04-01 21:33:06.000+0000,260.06,"{'en': 'Xhazxdpxm', 'es': 'Sgbzzqnp', 'fr': 'Zeywvs'}",13.20,urpwspqabpm.jpg,a4516f55-1a6b-4d39-b273-2f96d9698498
CLLPDGDVIQUA,c65f7c80-d327-11e5-b92d-7e1171d66ccb,1,2016-04-01 21:33:06.000+0000,260.06,"{'en': 'Hhrtleygt', 'es': 'Mlzmmxbaqcmsd', 'fr': 'Zrtyvpi'}",43.87,zincljs.jpg,a4516f55-1a6b-4d39-b273-2f96d9698498
CLLPDGDVIQUA,c2137480-dda7-11e5-8ce2-8243739b73d7,1,2016-04-01 21:33:06.000+0000,260.06,"{'en': 'Gkpjxm', 'es': 'Gihkaodrcnnw', 'fr': 'Uojpzotuajwr'}",21.67,yomlnxysdla.jpg,a4516f55-1a6b-4d39-b273-2f96d9698498
CLLPDGDVIQUA,692bcf80-6fc8-11e6-9c14-5f5253587281,1,2016-04-01 21:33:06.000+0000,260.06,"{'en': 'Jckuslfwfzv', 'es': 'Pwkbdlbl', 'fr': 'Khojxqgtwlb'}",20.56,ujxlx.jpg,a4516f55-1a6b-4d39-b273-2f96d9698498
CLLPDGDVIQUA,e111ad80-eb97-11e6-ba3a-2865505814a6,3,2016-04-01 21:33:06.000+0000,260.06,"{'en': 'Ileagtdmcqrn', 'es': 'Sysuhgsfgkc', 'fr': 'Rssitnpmgpmh'}",30.02,gsjizcvdw.jpg,a4516f55-1a6b-4d39-b273-2f96d9698498
CLLPDGDVIQUA,bf935300-f0bc-11e6-a458-23b53adc98fa,2,2016-04-01 21:33:06.000+0000,260.06,"{'en': 'Dnaedhsyhkxf', 'es': 'Fholpgqbconqi', 'fr': 'Yeqdfsrtm'}",22.15,rwhzbbr.jpg,a4516f55-1a6b-4d39-b273-2f96d9698498
QLFJQLSJWKXU,c8030580-1953-11e6-878e-2e3f1a130028,3,2015-01-27 04:14:04.000+0000,314.79,"{'en': 'Vvjkkavslb', 'es': 'Gebuiyzcy', 'fr': 'Wxfbqz'}",27.04,guciqqjy.jpg,cfa6d886-d507-4bbb-90a2-08316a6081d3
QLFJQLSJWKXU,98b17800-6aae-11e6-8c98-1e2a1152da96,3,2015-01-27 04:14:04.000+0000,314.79,"{'en': 'Lvkkqekcaj', 'es': 'Mzskhdo', 'fr': 'Kyxesh'}",33.17,zwhyylzw.jpg,cfa6d886-d507-4bbb-90a2-08316a6081d3
QLFJQLSJWKXU,ebdd6c00-6f81-11e6-ac5f-f19f27fb34f3,3,2015-01-27 04:14:04.000+0000,314.79,"{'en': 'Dihowd', 'es': 'Depkicgxdfyt', 'fr': 'Aormuwkmssgys'}",29.75,gcabdids.jpg,cfa6d886-d507-4bbb-90a2-08316a6081d3
QLFJQLSJWKXU,a3664f80-77c6-11e6-adb6-8faffaff5d86,2,2015-01-27 04:14:04.000+0000,314.79,"{'en': 'Nbtckylxgqb', 'es': 'Bspmgvh', 'fr': 'Xfsbyilw'}",15.14,lrzcrv.jpg,cfa6d886-d507-4bbb-90a2-08316a6081d3
QLFJQLSJWKXU,dfb1ff80-0f0f-11e7-8e0f-1be029378808,1,2015-01-27 04:14:04.000+0000,314.79,"{'en': 'Wdutpvaarvl', 'es': 'Prazwsfsomjv', 'fr': 'Eslmmsrtq'}",14.63,qhaqamjxpqgg.jpg,cfa6d886-d507-4bbb-90a2-08316a6081d3
KSDHTRIBXZLL,d6f61080-163b-11e5-862e-d900258a186f,2,2015-01-17 00:49:48.000+0000,184.31,"{'en': 'Fdjzdmkd', 'es': 'Ufsdqvbofm', 'fr': 'Xqilpg'}",28.93,mfvdjx.jpg,cfa6d886-d507-4bbb-90a2-08316a6081d3
KSDHTRIBXZLL,8051df80-6969-11e5-9f7b-4732a5da9ae0,1,2015-01-17 00:49:48.000+0000,184.31,"{'en': 'Wgdrtfpdght', 'es': 'Lxlyhgr', 'fr': 'Nykzpgbglw'}",23.52,mmmtxzlmki.jpg,cfa6d886-d507-4bbb-90a2-08316a6081d3
KSDHTRIBXZLL,b10c0380-91b9-11e5-8244-089abed2d2d2,3,2015-01-17 00:49:48.000+0000,184.31,"{'en': 'Khesyaozd', 'es': 'Ybsudpzsfjzoe', 'fr': 'Ppuivpar'}",19.36,pomaibgljx.jpg,cfa6d886-d507-4bbb-90a2-08316a6081d3
KSDHTRIBXZLL,ba23a880-0150-11e7-bb19-0c0012efbe30,3,2015-01-17 00:49:48.000+0000,184.31,"{'en': 'Styygn', 'es': 'Kmvhhhfaaifw', 'fr': 'Vkjjptxrxifcs'}",14.95,oitugviuq.jpg,cfa6d886-d507-4bbb-90a2-08316a6081d3
BIQQYNFIXILB,b2098a80-c17d-11e4-b554-7eee90f74c0d,2,2015-07-07 19:36:02.000+0000,201.88,"{'en': 'Eocepeap', 'es': 'Csrtzrdovgys', 'fr': 'Zslcthfdexmg'}",26.84,oxbpzit.jpg,d1c38828-bfb4-47e6-931d-bfad5db46304
BIQQYNFIXILB,8b1f3900-e5c7-11e5-861e-f2fd547b8298,1,2015-07-07 19:36:02.000+0000,201.88,"{'en': 'Lmdwflzcm', 'es': 'Ogwoslrghwj', 'fr': 'Txdzqgtonuwde'}",24.51,ysnqtgb.jpg,d1c38828-bfb4-47e6-931d-bfad5db46304
BIQQYNFIXILB,16ca0280-bbf8-11e6-b1fb-d5cab5d26627,3,2015-07-07 19:36:02.000+0000,201.88,"{'en': 'Wmvhxaemobx', 'es': 'Xxcekhfqpxij', 'fr': 'Fssusec'}",41.23,hlnfbwrlhmvy.jpg,d1c38828-bfb4-47e6-931d-bfad5db46304
UXXGTYSUMTST,f41d2100-c0ed-11e5-88ef-3f4bc510e51f,2,2016-12-13 23:17:53.000+0000,300.86,"{'en': 'Angnqk', 'es': 'Xhrorwzn', 'fr': 'Hyuuzrbyeot'}",11.50,dyccdyywvsqx.jpg,a4516f55-1a6b-4d39-b273-2f96d9698498
UXXGTYSUMTST,939cac00-08b5-11e6-89f6-2d1c116d989e,3,2016-12-13 23:17:53.000+0000,300.86,"{'en': 'Zgwmdgyirews', 'es': 'Imswlocqzaia', 'fr': 'Lbrffwkr'}",39.31,npsswxjsr.jpg,a4516f55-1a6b-4d39-b273-2f96d9698498
UXXGTYSUMTST,874dad80-621c-11e6-8a27-fc759d922773,2,2016-12-13 23:17:53.000+0000,300.86,"{'en': 'Sqevenhrmzf', 'es': 'Gfimwdasle', 'fr': 'Scyvpogubzqpk'}",35.34,gkbfhvndeqc.jpg,a4516f55-1a6b-4d39-b273-2f96d9698498
UXXGTYSUMTST,ebdd6c00-6f81-11e6-ac5f-f19f27fb34f3,3,2016-12-13 23:17:53.000+0000,300.86,"{'en': 'Dihowd', 'es': 'Depkicgxdfyt', 'fr': 'Aormuwkmssgys'}",29.75,gcabdids.jpg,a4516f55-1a6b-4d39-b273-2f96d9698498
ZYZAKAYHKBBB,60f18c80-1509-11e5-b328-c8e2e0b2be5f,1,2015-01-08 17:06:47.000+0000,312.75,"{'en': 'Xhazxdpxm', 'es': 'Sgbzzqnp', 'fr': 'Zeywvs'}",13.20,urpwspqabpm.jpg,a69a41e8-a292-4a73-85f5-757e7b1f011f
ZYZAKAYHKBBB,d6f61080-163b-11e5-862e-d900258a186f,3,2015-01-08 17:06:47.000+0000,312.75,"{'en': 'Fdjzdmkd', 'es': 'Ufsdqvbofm', 'fr': 'Xqilpg'}",28.93,mfvdjx.jpg,a69a41e8-a292-4a73-85f5-757e7b1f011f
ZYZAKAYHKBBB,86c46e00-5f0a-11e5-bf0e-669bc61c9e84,3,2015-01-08 17:06:47.000+0000,312.75,"{'en': 'Fkpujdavhj', 'es': 'Ifhualo', 'fr': 'Eenozvvksur'}",37.33,fxukqaoaf.jpg,a69a41e8-a292-4a73-85f5-757e7b1f011f
ZYZAKAYHKBBB,5255d800-c9fb-11e5-b9a6-71633a4dd8ab,2,2015-01-08 17:06:47.000+0000,312.75,"{'en': 'Efbhly', 'es': 'Npxkzeslgkn', 'fr': 'Yrkysetzngfcg'}",42.64,spvyonecgxm.jpg,a69a41e8-a292-4a73-85f5-757e7b1f011f
ZYZAKAYHKBBB,c2137480-dda7-11e5-8ce2-8243739b73d7,2,2015-01-08 17:06:47.000+0000,312.75,"{'en': 'Gkpjxm', 'es': 'Gihkaodrcnnw', 'fr': 'Uojpzotuajwr'}",21.67,yomlnxysdla.jpg,a69a41e8-a292-4a73-85f5-757e7b1f011f
ZYZAKAYHKBBB,c0f46600-d175-11e6-af8a-8870a961368a,1,2015-01-08 17:06:47.000+0000,312.75,"{'en': 'Tfeewbmxc', 'es': 'Qgzthkowawkq', 'fr': 'Qcxjdroplygfg'}",15.49,yngsrrd.jpg,a69a41e8-a292-4a73-85f5-757e7b1f011f
DJCLZXIFXDWP,35e0d380-d0a7-11e4-9f63-0d398104b025,2,2016-04-06 02:34:06.000+0000,292.05,"{'en': 'Hdqylhkjtn', 'es': 'Vjqdkmtedy', 'fr': 'Qhblxskx'}",13.35,aygfbmrko.jpg,c53edd69-6be4-4c90-af52-5d00f0abb8bc
DJCLZXIFXDWP,77d46880-072d-11e5-83f8-b22ab9ace9d2,1,2016-04-06 02:34:06.000+0000,292.05,"{'en': 'Tdfobnulfd', 'es': 'Wkdqgdljhgjip', 'fr': 'Vqmrouwkploi'}",38.36,edxpzjadjnai.jpg,c53edd69-6be4-4c90-af52-5d00f0abb8bc
DJCLZXIFXDWP,8f70b800-ead9-11e5-879a-67118684befd,1,2016-04-06 02:34:06.000+0000,292.05,"{'en': 'Eocobcedrgrmr', 'es': 'Gagrlgeffhzfr', 'fr': 'Ulamovbntz'}",42.86,rbbso.jpg,c53edd69-6be4-4c90-af52-5d00f0abb8bc
DJCLZXIFXDWP,68ce0180-05f0-11e6-a1c4-18fe29315529,2,2016-04-06 02:34:06.000+0000,292.05,"{'en': 'Glqsbpmdu', 'es': 'Yvmmpj', 'fr': 'Kuxbic'}",32.51,hwvsleh.jpg,c53edd69-6be4-4c90-af52-5d00f0abb8bc
DJCLZXIFXDWP,30007f00-66ed-11e6-857f-3a519f95dce1,3,2016-04-06 02:34:06.000+0000,292.05,"{'en': 'Kmctoyhtuwwze', 'es': 'Hyrmxblgqs', 'fr': 'Iftqkei'}",32.85,rypegqaqbip.jpg,c53edd69-6be4-4c90-af52-5d00f0abb8bc
DJCLZXIFXDWP,692bcf80-6fc8-11e6-9c14-5f5253587281,1,2016-04-06 02:34:06.000+0000,292.05,"{'en': 'Jckuslfwfzv', 'es': 'Pwkbdlbl', 'fr': 'Khojxqgtwlb'}",20.56,ujxlx.jpg,c53edd69-6be4-4c90-af52-5d00f0abb8bc
BEPNFCESZMVN,999bad00-3460-11e6-bfcd-c076867d1cfb,1,2017-01-07 07:29:35.000+0000,53.73,"{'en': 'Rkqijmn', 'es': 'Euwvswuhxqxls', 'fr': 'Knzmpq'}",9.95,tdxrmgkzid.jpg,11ebdaac-0709-4a47-b5a7-4ec11f1ea6bf
BEPNFCESZMVN,799d8a00-ef18-11e6-8ac3-83ae8992b59d,2,2017-01-07 07:29:35.000+0000,53.73,"{'en': 'Takyycnp', 'es': 'Crevqwuzv', 'fr': 'Skvietvwqfig'}",21.89,xmrndjbreel.jpg,11ebdaac-0709-4a47-b5a7-4ec11f1ea6bf
ZXBCXKQKSBZW,77d46880-072d-11e5-83f8-b22ab9ace9d2,3,2016-09-07 21:47:43.000+0000,319.58,"{'en': 'Tdfobnulfd', 'es': 'Wkdqgdljhgjip', 'fr': 'Vqmrouwkploi'}",38.36,edxpzjadjnai.jpg,71ec6ffa-f01a-42d1-b30b-839b841d62d6
ZXBCXKQKSBZW,b2d71000-0bf5-11e5-aefa-2761c1c51b4b,2,2016-09-07 21:47:43.000+0000,319.58,"{'en': 'Pfturuumxye', 'es': 'Zyjbzxutbnaf', 'fr': 'Lzuvulamwsp'}",36.70,mpcjkztwb.jpg,71ec6ffa-f01a-42d1-b30b-839b841d62d6
ZXBCXKQKSBZW,1dbbd780-71e4-11e5-aa5a-08dc3492ac1a,1,2016-09-07 21:47:43.000+0000,319.58,"{'en': 'Khmnrfb', 'es': 'Forigfkhxf', 'fr': 'Qghoicb'}",36.09,ktdazql.jpg,71ec6ffa-f01a-42d1-b30b-839b841d62d6
ZXBCXKQKSBZW,32e79a80-a745-11e6-bc61-14fce9447012,1,2016-09-07 21:47:43.000+0000,319.58,"{'en': 'Hklxunqutfc', 'es': 'Xpxhgiuso', 'fr': 'Ytqknvfkdic'}",34.59,syyqnwmt.jpg,71ec6ffa-f01a-42d1-b30b-839b841d62d6
ZXBCXKQKSBZW,799d8a00-ef18-11e6-8ac3-83ae8992b59d,3,2016-09-07 21:47:43.000+0000,319.58,"{'en': 'Takyycnp', 'es': 'Crevqwuzv', 'fr': 'Skvietvwqfig'}",21.89,xmrndjbreel.jpg,71ec6ffa-f01a-42d1-b30b-839b841d62d6
ZXBCXKQKSBZW,9410ed00-15c4-11e7-99bc-b567736e1d6d,3,2016-09-07 21:47:43.000+0000,319.58,"{'en': 'Iqfomfpevca', 'es': 'Aaskrm', 'fr': 'Aipehmcsqr'}",20.14,uiztyvvkwb.jpg,71ec6ffa-f01a-42d1-b30b-839b841d62d6
SNJBAETQFBWL,f2d3b080-b661-11e4-944c-1f9982fd525d,3,2016-07-17 18:11:44.000+0000,214.34,"{'en': 'Riemysr', 'es': 'Flftsygtcprq', 'fr': 'Uzqcsknnfuaa'}",24.03,eqxvvvdumtu.jpg,d1c38828-bfb4-47e6-931d-bfad5db46304
SNJBAETQFBWL,b2254300-1386-11e5-8be3-4b11c68ded7a,2,2016-07-17 18:11:44.000+0000,214.34,"{'en': 'Tbnwbxqrtulp', 'es': 'Tifuqy', 'fr': 'Knrlfvkvo'}",17.25,nzrouqytckk.jpg,d1c38828-bfb4-47e6-931d-bfad5db46304
SNJBAETQFBWL,60f18c80-1509-11e5-b328-c8e2e0b2be5f,1,2016-07-17 18:11:44.000+0000,214.34,"{'en': 'Xhazxdpxm', 'es': 'Sgbzzqnp', 'fr': 'Zeywvs'}",13.20,urpwspqabpm.jpg,d1c38828-bfb4-47e6-931d-bfad5db46304
SNJBAETQFBWL,d1932480-ad48-11e5-b39e-9e460d6e05d3,2,2016-07-17 18:11:44.000+0000,214.34,"{'en': 'Ndtayqp', 'es': 'Mahmscui', 'fr': 'Mzvnjw'}",25.33,bhtistcb.jpg,d1c38828-bfb4-47e6-931d-bfad5db46304
SNJBAETQFBWL,dfb1ff80-0f0f-11e7-8e0f-1be029378808,3,2016-07-17 18:11:44.000+0000,214.34,"{'en': 'Wdutpvaarvl', 'es': 'Prazwsfsomjv', 'fr': 'Eslmmsrtq'}",14.63,qhaqamjxpqgg.jpg,d1c38828-bfb4-47e6-931d-bfad5db46304
BLHNKLGXVYEH,1dbbd780-71e4-11e5-aa5a-08dc3492ac1a,1,2017-02-16 18:24:24.000+0000,255.92,"{'en': 'Khmnrfb', 'es': 'Forigfkhxf', 'fr': 'Qghoicb'}",36.09,ktdazql.jpg,c53edd69-6be4-4c90-af52-5d00f0abb8bc
BLHNKLGXVYEH,f41d2100-c0ed-11e5-88ef-3f4bc510e51f,3,2017-02-16 18:24:24.000+0000,255.92,"{'en': 'Angnqk', 'es': 'Xhrorwzn', 'fr': 'Hyuuzrbyeot'}",11.50,dyccdyywvsqx.jpg,c53edd69-6be4-4c90-af52-5d00f0abb8bc
BLHNKLGXVYEH,c2137480-dda7-11e5-8ce2-8243739b73d7,3,2017-02-16 18:24:24.000+0000,255.92,"{'en': 'Gkpjxm', 'es': 'Gihkaodrcnnw', 'fr': 'Uojpzotuajwr'}",21.67,yomlnxysdla.jpg,c53edd69-6be4-4c90-af52-5d00f0abb8bc
BLHNKLGXVYEH,0d82e700-0e1a-11e6-af15-5b6b280f05fa,2,2017-02-16 18:24:24.000+0000,255.92,"{'en': 'Ggcmcrbvwy', 'es': 'Ixwimweubo', 'fr': 'Hwpslrq'}",36.51,qkkjigu.jpg,c53edd69-6be4-4c90-af52-5d00f0abb8bc
BLHNKLGXVYEH,999bad00-3460-11e6-bfcd-c076867d1cfb,2,2017-02-16 18:24:24.000+0000,255.92,"{'en': 'Rkqijmn', 'es': 'Euwvswuhxqxls', 'fr': 'Knzmpq'}",9.95,tdxrmgkzid.jpg,c53edd69-6be4-4c90-af52-5d00f0abb8bc
BLHNKLGXVYEH,5c9e8500-b9c4-11e6-a278-ebac169b741b,2,2017-02-16 18:24:24.000+0000,255.92,"{'en': 'Efullb', 'es': 'Oujdqwmoz', 'fr': 'Amvmirjqutfz'}",13.70,truxdzovej.jpg,c53edd69-6be4-4c90-af52-5d00f0abb8bc
OQOODVDEPIUF,cc4f4580-c063-11e4-8fee-bb83bce6af3c,2,2015-05-09 13:08:31.000+0000,249.43,"{'en': 'Nhrvfyopgraj', 'es': 'Ufvaer', 'fr': 'Nhoniscaimgy'}",33.90,khxtutbv.jpg,b92cb156-22d2-4677-a926-dbe94ea78633
OQOODVDEPIUF,c65f7c80-d327-11e5-b92d-7e1171d66ccb,2,2015-05-09 13:08:31.000+0000,249.43,"{'en': 'Hhrtleygt', 'es': 'Mlzmmxbaqcmsd', 'fr': 'Zrtyvpi'}",43.87,zincljs.jpg,b92cb156-22d2-4677-a926-dbe94ea78633
OQOODVDEPIUF,c2137480-dda7-11e5-8ce2-8243739b73d7,1,2015-05-09 13:08:31.000+0000,249.43,"{'en': 'Gkpjxm', 'es': 'Gihkaodrcnnw', 'fr': 'Uojpzotuajwr'}",21.67,yomlnxysdla.jpg,b92cb156-22d2-4677-a926-dbe94ea78633
OQOODVDEPIUF,939cac00-08b5-11e6-89f6-2d1c116d989e,3,2015-05-09 13:08:31.000+0000,249.43,"{'en': 'Zgwmdgyirews', 'es': 'Imswlocqzaia', 'fr': 'Lbrffwkr'}",39.31,npsswxjsr.jpg,b92cb156-22d2-4677-a926-dbe94ea78633
OQOODVDEPIUF,8fa22d80-5a51-11e6-bec5-250a623d7835,2,2015-05-09 13:08:31.000+0000,249.43,"{'en': 'Bujodfonnokai', 'es': 'Hffpgo', 'fr': 'Hxnfrnbtcesm'}",36.11,cwloref.jpg,b92cb156-22d2-4677-a926-dbe94ea78633
PKIHGQBCDJAV,1e1b6380-d1fd-11e4-936b-a9109c2aa30f,2,2016-09-28 14:40:31.000+0000,159.09,"{'en': 'Zskilqamizjsg', 'es': 'Qymubacrxltxh', 'fr': 'Dxyjgqonbte'}",14.52,fxyic.jpg,8856b017-f9c4-46cc-a282-fa8b8c5aecf4
PKIHGQBCDJAV,7916dd80-88e8-11e5-bcc3-2eea3f4b0271,1,2016-09-28 14:40:31.000+0000,159.09,"{'en': 'Rdhxxdnd', 'es': 'Fmhqdndsaploo', 'fr': 'Tpzrob'}",26.40,vbzse.jpg,8856b017-f9c4-46cc-a282-fa8b8c5aecf4
PKIHGQBCDJAV,79bfd100-6a2f-11e6-9ad7-93bb5a51ead3,3,2016-09-28 14:40:31.000+0000,159.09,"{'en': 'Wuszpdt', 'es': 'Alsvuvv', 'fr': 'Icsiiwbdcwyss'}",34.55,hfqyo.jpg,8856b017-f9c4-46cc-a282-fa8b8c5aecf4
LCPTZHDCNDXI,89f1c700-ed92-11e5-b32a-95e53011b70b,3,2015-07-11 23:25:00.000+0000,92.28,"{'en': 'Phxjwg', 'es': 'Aguhexqwxnoq', 'fr': 'Tlnvhqgr'}",30.76,jaoawrwc.jpg,71ec6ffa-f01a-42d1-b30b-839b841d62d6
NJOPZEIQKCLK,8dba0580-7855-11e5-bf0a-c4d5c4ea4ddd,1,2016-10-04 08:27:54.000+0000,28.45,"{'en': 'Fwpcsujfr', 'es': 'Uyafsp', 'fr': 'Yfzkhkvcj'}",28.45,sbvswp.jpg,cfa6d886-d507-4bbb-90a2-08316a6081d3
ATZBKSENOJMP,86c46e00-5f0a-11e5-bf0e-669bc61c9e84,1,2016-01-17 17:29:57.000+0000,301.53,"{'en': 'Fkpujdavhj', 'es': 'Ifhualo', 'fr': 'Eenozvvksur'}",37.33,fxukqaoaf.jpg,8856b017-f9c4-46cc-a282-fa8b8c5aecf4
ATZBKSENOJMP,c65f7c80-d327-11e5-b92d-7e1171d66ccb,3,2016-01-17 17:29:57.000+0000,301.53,"{'en': 'Hhrtleygt', 'es': 'Mlzmmxbaqcmsd', 'fr': 'Zrtyvpi'}",43.87,zincljs.jpg,8856b017-f9c4-46cc-a282-fa8b8c5aecf4
ATZBKSENOJMP,c2137480-dda7-11e5-8ce2-8243739b73d7,2,2016-01-17 17:29:57.000+0000,301.53,"{'en': 'Gkpjxm', 'es': 'Gihkaodrcnnw', 'fr': 'Uojpzotuajwr'}",21.67,yomlnxysdla.jpg,8856b017-f9c4-46cc-a282-fa8b8c5aecf4
ATZBKSENOJMP,ebdd6c00-6f81-11e6-ac5f-f19f27fb34f3,3,2016-01-17 17:29:57.000+0000,301.53,"{'en': 'Dihowd', 'es': 'Depkicgxdfyt', 'fr': 'Aormuwkmssgys'}",29.75,gcabdids.jpg,8856b017-f9c4-46cc-a282-fa8b8c5aecf4
RGZQDYKWODEC,54c24e00-0a8f-11e6-86b1-210704a2a273,2,2015-01-25 04:50:48.000+0000,155.38,"{'en': 'Rukdgfbhpgi', 'es': 'Yzopqkctwxxhk', 'fr': 'Xsgysugukf'}",24.26,azcdfias.jpg,11ebdaac-0709-4a47-b5a7-4ec11f1ea6bf
RGZQDYKWODEC,bb5b8380-9f6c-11e6-b4c2-c6004815a3d9,3,2015-01-25 04:50:48.000+0000,155.38,"{'en': 'Arryglkokwrn', 'es': 'Qmvqdwykb', 'fr': 'Efkjnbotvbpjt'}",35.62,mvxuy.jpg,11ebdaac-0709-4a47-b5a7-4ec11f1ea6bf
AEIRUVLMUFYY,2fd44e80-833f-11e6-9d64-1fd80ea49503,1,2016-04-28 12:15:31.000+0000,27.75,"{'en': 'Kivclqkpkuhds', 'es': 'Nginacsvb', 'fr': 'Awisnwimtaljm'}",27.75,qbkfzc.jpg,c53edd69-6be4-4c90-af52-5d00f0abb8bc
GEJMAFGUJAVH,5255d800-c9fb-11e5-b9a6-71633a4dd8ab,2,2015-10-20 08:46:15.000+0000,203.15,"{'en': 'Efbhly', 'es': 'Npxkzeslgkn', 'fr': 'Yrkysetzngfcg'}",42.64,spvyonecgxm.jpg,e8724756-5012-41e2-901f-e81f7b6893d1
GEJMAFGUJAVH,68ce0180-05f0-11e6-a1c4-18fe29315529,1,2015-10-20 08:46:15.000+0000,203.15,"{'en': 'Glqsbpmdu', 'es': 'Yvmmpj', 'fr': 'Kuxbic'}",32.51,hwvsleh.jpg,e8724756-5012-41e2-901f-e81f7b6893d1
GEJMAFGUJAVH,ae4e0b00-1168-11e6-9ef2-209a8afd1be9,1,2015-10-20 08:46:15.000+0000,203.15,"{'en': 'Icxkwyoxn', 'es': 'Pqqncysq', 'fr': 'Wiwizvcd'}",14.91,oyrbxdunogo.jpg,e8724756-5012-41e2-901f-e81f7b6893d1
GEJMAFGUJAVH,2fd44e80-833f-11e6-9d64-1fd80ea49503,2,2015-10-20 08:46:15.000+0000,203.15,"{'en': 'Kivclqkpkuhds', 'es': 'Nginacsvb', 'fr': 'Awisnwimtaljm'}",27.75,qbkfzc.jpg,e8724756-5012-41e2-901f-e81f7b6893d1
GEJMAFGUJAVH,ba23a880-0150-11e7-bb19-0c0012efbe30,1,2015-10-20 08:46:15.000+0000,203.15,"{'en': 'Styygn', 'es': 'Kmvhhhfaaifw', 'fr': 'Vkjjptxrxifcs'}",14.95,oitugviuq.jpg,e8724756-5012-41e2-901f-e81f7b6893d1
URODKDYEEZPK,77d46880-072d-11e5-83f8-b22ab9ace9d2,1,2017-03-09 00:33:12.000+0000,235.25,"{'en': 'Tdfobnulfd', 'es': 'Wkdqgdljhgjip', 'fr': 'Vqmrouwkploi'}",38.36,edxpzjadjnai.jpg,cfa6d886-d507-4bbb-90a2-08316a6081d3
URODKDYEEZPK,b2d71000-0bf5-11e5-aefa-2761c1c51b4b,1,2017-03-09 00:33:12.000+0000,235.25,"{'en': 'Pfturuumxye', 'es': 'Zyjbzxutbnaf', 'fr': 'Lzuvulamwsp'}",36.70,mpcjkztwb.jpg,cfa6d886-d507-4bbb-90a2-08316a6081d3
URODKDYEEZPK,c2137480-dda7-11e5-8ce2-8243739b73d7,1,2017-03-09 00:33:12.000+0000,235.25,"{'en': 'Gkpjxm', 'es': 'Gihkaodrcnnw', 'fr': 'Uojpzotuajwr'}",21.67,yomlnxysdla.jpg,cfa6d886-d507-4bbb-90a2-08316a6081d3
URODKDYEEZPK,b99e6900-1ded-11e6-9673-c938f540054a,1,2017-03-09 00:33:12.000+0000,235.25,"{'en': 'Gnxjfjrecas', 'es': 'Lgikxapve', 'fr': 'Okstgxkang'}",26.72,ltngzkvxigr.jpg,cfa6d886-d507-4bbb-90a2-08316a6081d3
URODKDYEEZPK,874dad80-621c-11e6-8a27-fc759d922773,2,2017-03-09 00:33:12.000+0000,235.25,"{'en': 'Sqevenhrmzf', 'es': 'Gfimwdasle', 'fr': 'Scyvpogubzqpk'}",35.34,gkbfhvndeqc.jpg,cfa6d886-d507-4bbb-90a2-08316a6081d3
URODKDYEEZPK,692bcf80-6fc8-11e6-9c14-5f5253587281,2,2017-03-09 00:33:12.000+0000,235.25,"{'en': 'Jckuslfwfzv', 'es': 'Pwkbdlbl', 'fr': 'Khojxqgtwlb'}",20.56,ujxlx.jpg,cfa6d886-d507-4bbb-90a2-08316a6081d3
ULTAFTWFKLAM,d6f61080-163b-11e5-862e-d900258a186f,2,2017-01-04 09:28:21.000+0000,183.49,"{'en': 'Fdjzdmkd', 'es': 'Ufsdqvbofm', 'fr': 'Xqilpg'}",28.93,mfvdjx.jpg,e8724756-5012-41e2-901f-e81f7b6893d1
ULTAFTWFKLAM,ee7be980-6b97-11e5-8207-b31dacfeed77,1,2017-01-04 09:28:21.000+0000,183.49,"{'en': 'Jtxyliimztjo', 'es': 'Dlvoltjq', 'fr': 'Grihbztgpkar'}",34.71,lujde.jpg,e8724756-5012-41e2-901f-e81f7b6893d1
ULTAFTWFKLAM,4373b000-6da7-11e6-9d28-07600e09f4fa,2,2017-01-04 09:28:21.000+0000,183.49,"{'en': 'Xrtikg', 'es': 'Ggeoqqfi', 'fr': 'Wgkser'}",45.46,bgmerzcha.jpg,e8724756-5012-41e2-901f-e81f7b6893d1
HOICBXDFVTMV,3f7a5b80-18a6-11e6-8950-a5a91d550621,1,2016-04-24 05:35:15.000+0000,17.09,"{'en': 'Bblxijit', 'es': 'Rrjadew', 'fr': 'Kajoqrcpquqyi'}",17.09,lijygasgpufw.jpg,8856b017-f9c4-46cc-a282-fa8b8c5aecf4
UAIAOAHDUCTA,79bfd100-6a2f-11e6-9ad7-93bb5a51ead3,3,2015-06-02 11:14:21.000+0000,103.65,"{'en': 'Wuszpdt', 'es': 'Alsvuvv', 'fr': 'Icsiiwbdcwyss'}",34.55,hfqyo.jpg,310513d7-ce30-463c-a364-28eab1f230be
EPCGHBXCVSNV,35e0d380-d0a7-11e4-9f63-0d398104b025,1,2015-02-14 02:31:02.000+0000,217.37,"{'en': 'Hdqylhkjtn', 'es': 'Vjqdkmtedy', 'fr': 'Qhblxskx'}",13.35,aygfbmrko.jpg,a69a41e8-a292-4a73-85f5-757e7b1f011f
EPCGHBXCVSNV,b2254300-1386-11e5-8be3-4b11c68ded7a,3,2015-02-14 02:31:02.000+0000,217.37,"{'en': 'Tbnwbxqrtulp', 'es': 'Tifuqy', 'fr': 'Knrlfvkvo'}",17.25,nzrouqytckk.jpg,a69a41e8-a292-4a73-85f5-757e7b1f011f
EPCGHBXCVSNV,a0066600-4404-11e5-ac82-ae406cd0e6c8,1,2015-02-14 02:31:02.000+0000,217.37,"{'en': 'Pautrhkrjhiie', 'es': 'Lptfayvwh', 'fr': 'Qybedqypmbt'}",17.15,wpoyv.jpg,a69a41e8-a292-4a73-85f5-757e7b1f011f
EPCGHBXCVSNV,ee7be980-6b97-11e5-8207-b31dacfeed77,2,2015-02-14 02:31:02.000+0000,217.37,"{'en': 'Jtxyliimztjo', 'es': 'Dlvoltjq', 'fr': 'Grihbztgpkar'}",34.71,lujde.jpg,a69a41e8-a292-4a73-85f5-757e7b1f011f
EPCGHBXCVSNV,30007f00-66ed-11e6-857f-3a519f95dce1,2,2015-02-14 02:31:02.000+0000,217.37,"{'en': 'Kmctoyhtuwwze', 'es': 'Hyrmxblgqs', 'fr': 'Iftqkei'}",32.85,rypegqaqbip.jpg,a69a41e8-a292-4a73-85f5-757e7b1f011f
JUYPBOVKUIRC,cc4f4580-c063-11e4-8fee-bb83bce6af3c,2,2015-08-12 05:23:45.000+0000,251.84,"{'en': 'Nhrvfyopgraj', 'es': 'Ufvaer', 'fr': 'Nhoniscaimgy'}",33.90,khxtutbv.jpg,310513d7-ce30-463c-a364-28eab1f230be
JUYPBOVKUIRC,6c5f3380-7993-11e5-a7c5-81772d310f76,2,2015-08-12 05:23:45.000+0000,251.84,"{'en': 'Lpctmqxdu', 'es': 'Uqeqpt', 'fr': 'Cwzebiekwo'}",40.01,ojlwwrh.jpg,310513d7-ce30-463c-a364-28eab1f230be
JUYPBOVKUIRC,8b1f3900-e5c7-11e5-861e-f2fd547b8298,3,2015-08-12 05:23:45.000+0000,251.84,"{'en': 'Lmdwflzcm', 'es': 'Ogwoslrghwj', 'fr': 'Txdzqgtonuwde'}",24.51,ysnqtgb.jpg,310513d7-ce30-463c-a364-28eab1f230be
JUYPBOVKUIRC,89f1c700-ed92-11e5-b32a-95e53011b70b,3,2015-08-12 05:23:45.000+0000,251.84,"{'en': 'Phxjwg', 'es': 'Aguhexqwxnoq', 'fr': 'Tlnvhqgr'}",30.76,jaoawrwc.jpg,310513d7-ce30-463c-a364-28eab1f230be
JUYPBOVKUIRC,68ce0180-05f0-11e6-a1c4-18fe29315529,2,2015-08-12 05:23:45.000+0000,251.84,"{'en': 'Glqsbpmdu', 'es': 'Yvmmpj', 'fr': 'Kuxbic'}",32.51,hwvsleh.jpg,310513d7-ce30-463c-a364-28eab1f230be
JUYPBOVKUIRC,ec70c200-773a-11e6-b5b1-122f4b2a2426,3,2015-08-12 05:23:45.000+0000,251.84,"{'en': 'Bfmyhpg', 'es': 'Gcdwgwpfzl', 'fr': 'Nqxbgmsa'}",11.09,mcyuufn.jpg,310513d7-ce30-463c-a364-28eab1f230be
QNQWEOBPXYCP,d50bd880-2220-11e6-b3f6-fbdb914f96d8,2,2016-11-07 05:03:00.000+0000,169.84,"{'en': 'Appglx', 'es': 'Cdkojylw', 'fr': 'Yvhriyk'}",45.10,zfpkkyaisro.jpg,cfa6d886-d507-4bbb-90a2-08316a6081d3
QNQWEOBPXYCP,1e319400-0259-11e7-b15e-6c8537ebd16e,3,2016-11-07 05:03:00.000+0000,169.84,"{'en': 'Ojppoyezi', 'es': 'Zhabln', 'fr': 'Hgomhqmwck'}",11.44,oasidejllu.jpg,cfa6d886-d507-4bbb-90a2-08316a6081d3
QNQWEOBPXYCP,6c377000-1557-11e7-a924-57ef8eecaa17,1,2016-11-07 05:03:00.000+0000,169.84,"{'en': 'Toqmbp', 'es': 'Ukjlosoldwl', 'fr': 'Xnaqcctzcmbf'}",45.32,gvqsrxgemzc.jpg,cfa6d886-d507-4bbb-90a2-08316a6081d3
SNUUHCFDFUKV,23a35d80-58b2-11e5-be45-8ea58872a947,2,2016-09-16 08:21:29.000+0000,106.60,"{'en': 'Zobpim', 'es': 'Imdxwfatl', 'fr': 'Xlqpqpl'}",22.54,kodijrphv.jpg,e8724756-5012-41e2-901f-e81f7b6893d1
SNUUHCFDFUKV,89f1c700-ed92-11e5-b32a-95e53011b70b,2,2016-09-16 08:21:29.000+0000,106.60,"{'en': 'Phxjwg', 'es': 'Aguhexqwxnoq', 'fr': 'Tlnvhqgr'}",30.76,jaoawrwc.jpg,e8724756-5012-41e2-901f-e81f7b6893d1
FZWVQRYWXYLC,a0066600-4404-11e5-ac82-ae406cd0e6c8,1,2015-07-22 18:29:55.000+0000,302.54,"{'en': 'Pautrhkrjhiie', 'es': 'Lptfayvwh', 'fr': 'Qybedqypmbt'}",17.15,wpoyv.jpg,d1c38828-bfb4-47e6-931d-bfad5db46304
FZWVQRYWXYLC,2b930300-4c23-11e6-9090-51bca1f46f93,3,2015-07-22 18:29:55.000+0000,302.54,"{'en': 'Nkmixqjmiys', 'es': 'Xjbibuokykys', 'fr': 'Yvnxzrtibl'}",21.06,qswtev.jpg,d1c38828-bfb4-47e6-931d-bfad5db46304
FZWVQRYWXYLC,8fa22d80-5a51-11e6-bec5-250a623d7835,3,2015-07-22 18:29:55.000+0000,302.54,"{'en': 'Bujodfonnokai', 'es': 'Hffpgo', 'fr': 'Hxnfrnbtcesm'}",36.11,cwloref.jpg,d1c38828-bfb4-47e6-931d-bfad5db46304
FZWVQRYWXYLC,79bfd100-6a2f-11e6-9ad7-93bb5a51ead3,2,2015-07-22 18:29:55.000+0000,302.54,"{'en': 'Wuszpdt', 'es': 'Alsvuvv', 'fr': 'Icsiiwbdcwyss'}",34.55,hfqyo.jpg,d1c38828-bfb4-47e6-931d-bfad5db46304
FZWVQRYWXYLC,cae3fa80-777b-11e6-9738-b343125580db,3,2015-07-22 18:29:55.000+0000,302.54,"{'en': 'Mqdaweuisvh', 'es': 'Quxnhxr', 'fr': 'Suyyil'}",11.34,yvxilg.jpg,d1c38828-bfb4-47e6-931d-bfad5db46304
FZWVQRYWXYLC,a5b5a100-8bee-11e6-86d5-e38632a7a2f3,2,2015-07-22 18:29:55.000+0000,302.54,"{'en': 'Xsqndrpaiv', 'es': 'Ammbtlllo', 'fr': 'Qltlar'}",39.93,rddaxhikks.jpg,d1c38828-bfb4-47e6-931d-bfad5db46304
BLOLDLPHDDTB,a3664f80-77c6-11e6-adb6-8faffaff5d86,1,2015-03-04 01:03:52.000+0000,71.30,"{'en': 'Nbtckylxgqb', 'es': 'Bspmgvh', 'fr': 'Xfsbyilw'}",15.14,lrzcrv.jpg,d1c38828-bfb4-47e6-931d-bfad5db46304
BLOLDLPHDDTB,fb621e00-d2af-11e6-8300-17a2f6785739,3,2015-03-04 01:03:52.000+0000,71.30,"{'en': 'Bcjlcrokiry', 'es': 'Qtnboyv', 'fr': 'Uwldptuvzq'}",18.72,nwofoe.jpg,d1c38828-bfb4-47e6-931d-bfad5db46304
COBZCMOSQDOH,62304280-4fab-11e5-9c50-39b236e6516b,2,2016-09-23 14:40:57.000+0000,46.42,"{'en': 'Aeqmtrnuows', 'es': 'Uaxwfknifxwcm', 'fr': 'Goprur'}",23.21,ustsdxdgeqqd.jpg,c53edd69-6be4-4c90-af52-5d00f0abb8bc
IWCIQKLVUBWC,89f1c700-ed92-11e5-b32a-95e53011b70b,2,2016-08-31 05:39:23.000+0000,273.55,"{'en': 'Phxjwg', 'es': 'Aguhexqwxnoq', 'fr': 'Tlnvhqgr'}",30.76,jaoawrwc.jpg,c53edd69-6be4-4c90-af52-5d00f0abb8bc
IWCIQKLVUBWC,54c24e00-0a8f-11e6-86b1-210704a2a273,3,2016-08-31 05:39:23.000+0000,273.55,"{'en': 'Rukdgfbhpgi', 'es': 'Yzopqkctwxxhk', 'fr': 'Xsgysugukf'}",24.26,azcdfias.jpg,c53edd69-6be4-4c90-af52-5d00f0abb8bc
IWCIQKLVUBWC,a5b5a100-8bee-11e6-86d5-e38632a7a2f3,3,2016-08-31 05:39:23.000+0000,273.55,"{'en': 'Xsqndrpaiv', 'es': 'Ammbtlllo', 'fr': 'Qltlar'}",39.93,rddaxhikks.jpg,c53edd69-6be4-4c90-af52-5d00f0abb8bc
IWCIQKLVUBWC,70b9f880-d288-11e6-b126-0535e17ec5c9,2,2016-08-31 05:39:23.000+0000,273.55,"{'en': 'Knarpxh', 'es': 'Jfbetecpdher', 'fr': 'Sjglgylukc'}",40.49,ivhbrgcca.jpg,c53edd69-6be4-4c90-af52-5d00f0abb8bc
XPRKLGVLQOFR,b2098a80-c17d-11e4-b554-7eee90f74c0d,1,2015-04-16 21:42:24.000+0000,154.18,"{'en': 'Eocepeap', 'es': 'Csrtzrdovgys', 'fr': 'Zslcthfdexmg'}",26.84,oxbpzit.jpg,11ebdaac-0709-4a47-b5a7-4ec11f1ea6bf
XPRKLGVLQOFR,2f1beb80-d501-11e4-b7d8-3210c009407d,1,2015-04-16 21:42:24.000+0000,154.18,"{'en': 'Uayqdeqnrfqb', 'es': 'Ngygaruccvpcv', 'fr': 'Memauh'}",20.57,prbfegqatxdf.jpg,11ebdaac-0709-4a47-b5a7-4ec11f1ea6bf
XPRKLGVLQOFR,43fa6580-6756-11e5-831c-0e7497a78dc9,3,2015-04-16 21:42:24.000+0000,154.18,"{'en': 'Subrjzid', 'es': 'Kjtzongahmgvl', 'fr': 'Nisnvnjuv'}",35.59,vxpnzwgwt.jpg,11ebdaac-0709-4a47-b5a7-4ec11f1ea6bf
EXLECPHDWVUQ,d6f61080-163b-11e5-862e-d900258a186f,1,2015-05-02 06:31:24.000+0000,59.21,"{'en': 'Fdjzdmkd', 'es': 'Ufsdqvbofm', 'fr': 'Xqilpg'}",28.93,mfvdjx.jpg,8856b017-f9c4-46cc-a282-fa8b8c5aecf4
EXLECPHDWVUQ,a3664f80-77c6-11e6-adb6-8faffaff5d86,2,2015-05-02 06:31:24.000+0000,59.21,"{'en': 'Nbtckylxgqb', 'es': 'Bspmgvh', 'fr': 'Xfsbyilw'}",15.14,lrzcrv.jpg,8856b017-f9c4-46cc-a282-fa8b8c5aecf4
UUFEWVLGJDNW,8b1f3900-e5c7-11e5-861e-f2fd547b8298,1,2015-04-17 21:57:27.000+0000,125.17,"{'en': 'Lmdwflzcm', 'es': 'Ogwoslrghwj', 'fr': 'Txdzqgtonuwde'}",24.51,ysnqtgb.jpg,e93303b8-d04f-436c-811f-d7f0de9d2638
UUFEWVLGJDNW,e3dbd980-1a2f-11e6-bcb1-c1bd91b1e760,2,2015-04-17 21:57:27.000+0000,125.17,"{'en': 'Rigeaewjdcx', 'es': 'Ibdjkodsapxn', 'fr': 'Ljlspgh'}",33.25,yqltnplzii.jpg,e93303b8-d04f-436c-811f-d7f0de9d2638
UUFEWVLGJDNW,6ca2ef00-9f56-11e6-b309-c8f8ac45a4a4,2,2015-04-17 21:57:27.000+0000,125.17,"{'en': 'Cqgjkzxbjahv', 'es': 'Pxzlvwdgwqqj', 'fr': 'Exwrisb'}",17.08,oiygdohrsu.jpg,e93303b8-d04f-436c-811f-d7f0de9d2638
LGVZLXXDPEXS,16ca0280-bbf8-11e6-b1fb-d5cab5d26627,2,2015-07-30 22:05:18.000+0000,82.46,"{'en': 'Wmvhxaemobx', 'es': 'Xxcekhfqpxij', 'fr': 'Fssusec'}",41.23,hlnfbwrlhmvy.jpg,a4516f55-1a6b-4d39-b273-2f96d9698498
GANHUARFTKXZ,35e0d380-d0a7-11e4-9f63-0d398104b025,3,2016-11-06 08:36:04.000+0000,140.61,"{'en': 'Hdqylhkjtn', 'es': 'Vjqdkmtedy', 'fr': 'Qhblxskx'}",13.35,aygfbmrko.jpg,8856b017-f9c4-46cc-a282-fa8b8c5aecf4
GANHUARFTKXZ,b99e6900-1ded-11e6-9673-c938f540054a,3,2016-11-06 08:36:04.000+0000,140.61,"{'en': 'Gnxjfjrecas', 'es': 'Lgikxapve', 'fr': 'Okstgxkang'}",26.72,ltngzkvxigr.jpg,8856b017-f9c4-46cc-a282-fa8b8c5aecf4
GANHUARFTKXZ,23dd5080-565e-11e6-9262-ecc9e831c9d3,1,2016-11-06 08:36:04.000+0000,140.61,"{'en': 'Rbgcwhusjckd', 'es': 'Qurqgdgmkzmf', 'fr': 'Lniybrefwhf'}",20.40,twdqwr.jpg,8856b017-f9c4-46cc-a282-fa8b8c5aecf4
FRLKRNKSFNWX,ebdd6c00-6f81-11e6-ac5f-f19f27fb34f3,1,2015-09-16 08:01:37.000+0000,29.75,"{'en': 'Dihowd', 'es': 'Depkicgxdfyt', 'fr': 'Aormuwkmssgys'}",29.75,gcabdids.jpg,310513d7-ce30-463c-a364-28eab1f230be
LZICOILWWRLF,c2137480-dda7-11e5-8ce2-8243739b73d7,3,2017-02-01 23:15:37.000+0000,212.49,"{'en': 'Gkpjxm', 'es': 'Gihkaodrcnnw', 'fr': 'Uojpzotuajwr'}",21.67,yomlnxysdla.jpg,d1c38828-bfb4-47e6-931d-bfad5db46304
LZICOILWWRLF,e3dbd980-1a2f-11e6-bcb1-c1bd91b1e760,2,2017-02-01 23:15:37.000+0000,212.49,"{'en': 'Rigeaewjdcx', 'es': 'Ibdjkodsapxn', 'fr': 'Ljlspgh'}",33.25,yqltnplzii.jpg,d1c38828-bfb4-47e6-931d-bfad5db46304
LZICOILWWRLF,70b9f880-d288-11e6-b126-0535e17ec5c9,2,2017-02-01 23:15:37.000+0000,212.49,"{'en': 'Knarpxh', 'es': 'Jfbetecpdher', 'fr': 'Sjglgylukc'}",40.49,ivhbrgcca.jpg,d1c38828-bfb4-47e6-931d-bfad5db46304
QFPTPBKXDBEO,8dba0580-7855-11e5-bf0a-c4d5c4ea4ddd,2,2015-05-21 20:01:12.000+0000,276.69,"{'en': 'Fwpcsujfr', 'es': 'Uyafsp', 'fr': 'Yfzkhkvcj'}",28.45,sbvswp.jpg,e93303b8-d04f-436c-811f-d7f0de9d2638
QFPTPBKXDBEO,7916dd80-88e8-11e5-bcc3-2eea3f4b0271,1,2015-05-21 20:01:12.000+0000,276.69,"{'en': 'Rdhxxdnd', 'es': 'Fmhqdndsaploo', 'fr': 'Tpzrob'}",26.40,vbzse.jpg,e93303b8-d04f-436c-811f-d7f0de9d2638
QFPTPBKXDBEO,f5f09200-0779-11e6-8850-b263b0132e40,3,2015-05-21 20:01:12.000+0000,276.69,"{'en': 'Etceffoarxpiy', 'es': 'Cvizfdkffvas', 'fr': 'Htfqyfl'}",32.59,ypibyi.jpg,e93303b8-d04f-436c-811f-d7f0de9d2638
QFPTPBKXDBEO,939cac00-08b5-11e6-89f6-2d1c116d989e,3,2015-05-21 20:01:12.000+0000,276.69,"{'en': 'Zgwmdgyirews', 'es': 'Imswlocqzaia', 'fr': 'Lbrffwkr'}",39.31,npsswxjsr.jpg,e93303b8-d04f-436c-811f-d7f0de9d2638
QFPTPBKXDBEO,32e79a80-a745-11e6-bc61-14fce9447012,1,2015-05-21 20:01:12.000+0000,276.69,"{'en': 'Hklxunqutfc', 'es': 'Xpxhgiuso', 'fr': 'Ytqknvfkdic'}",34.59,syyqnwmt.jpg,e93303b8-d04f-436c-811f-d7f0de9d2638
UKXDMHZRYPQE,f2d3b080-b661-11e4-944c-1f9982fd525d,2,2015-07-23 20:47:04.000+0000,248.91,"{'en': 'Riemysr', 'es': 'Flftsygtcprq', 'fr': 'Uzqcsknnfuaa'}",24.03,eqxvvvdumtu.jpg,cfa6d886-d507-4bbb-90a2-08316a6081d3
UKXDMHZRYPQE,ae4e0b00-1168-11e6-9ef2-209a8afd1be9,2,2015-07-23 20:47:04.000+0000,248.91,"{'en': 'Icxkwyoxn', 'es': 'Pqqncysq', 'fr': 'Wiwizvcd'}",14.91,oyrbxdunogo.jpg,cfa6d886-d507-4bbb-90a2-08316a6081d3
UKXDMHZRYPQE,a5b5a100-8bee-11e6-86d5-e38632a7a2f3,3,2015-07-23 20:47:04.000+0000,248.91,"{'en': 'Xsqndrpaiv', 'es': 'Ammbtlllo', 'fr': 'Qltlar'}",39.93,rddaxhikks.jpg,cfa6d886-d507-4bbb-90a2-08316a6081d3
UKXDMHZRYPQE,6ca2ef00-9f56-11e6-b309-c8f8ac45a4a4,3,2015-07-23 20:47:04.000+0000,248.91,"{'en': 'Cqgjkzxbjahv', 'es': 'Pxzlvwdgwqqj', 'fr': 'Exwrisb'}",17.08,oiygdohrsu.jpg,cfa6d886-d507-4bbb-90a2-08316a6081d3
LQKIYSGRKGKY,3f7a5b80-18a6-11e6-8950-a5a91d550621,1,2016-02-15 17:08:44.000+0000,17.09,"{'en': 'Bblxijit', 'es': 'Rrjadew', 'fr': 'Kajoqrcpquqyi'}",17.09,lijygasgpufw.jpg,71ec6ffa-f01a-42d1-b30b-839b841d62d6
EOSAMALPXPOY,bb066a80-2123-11e5-b4d8-3eecfc1d94b5,3,2016-07-18 23:42:21.000+0000,150.18,"{'en': 'Sobytpchekph', 'es': 'Utnkefl', 'fr': 'Cyamxcjse'}",32.46,vhubjvl.jpg,b92cb156-22d2-4677-a926-dbe94ea78633
EOSAMALPXPOY,7916dd80-88e8-11e5-bcc3-2eea3f4b0271,2,2016-07-18 23:42:21.000+0000,150.18,"{'en': 'Rdhxxdnd', 'es': 'Fmhqdndsaploo', 'fr': 'Tpzrob'}",26.40,vbzse.jpg,b92cb156-22d2-4677-a926-dbe94ea78633
IMCNHCYQEIOK,3f7a5b80-18a6-11e6-8950-a5a91d550621,3,2015-01-02 17:34:42.000+0000,51.27,"{'en': 'Bblxijit', 'es': 'Rrjadew', 'fr': 'Kajoqrcpquqyi'}",17.09,lijygasgpufw.jpg,b92cb156-22d2-4677-a926-dbe94ea78633
ORAWOUVUELWY,8051df80-6969-11e5-9f7b-4732a5da9ae0,3,2016-07-16 08:47:54.000+0000,158.30,"{'en': 'Wgdrtfpdght', 'es': 'Lxlyhgr', 'fr': 'Nykzpgbglw'}",23.52,mmmtxzlmki.jpg,71ec6ffa-f01a-42d1-b30b-839b841d62d6
ORAWOUVUELWY,c65f7c80-d327-11e5-b92d-7e1171d66ccb,2,2016-07-16 08:47:54.000+0000,158.30,"{'en': 'Hhrtleygt', 'es': 'Mlzmmxbaqcmsd', 'fr': 'Zrtyvpi'}",43.87,zincljs.jpg,71ec6ffa-f01a-42d1-b30b-839b841d62d6
VKJXDGSBONUN,35e0d380-d0a7-11e4-9f63-0d398104b025,1,2016-06-19 10:06:27.000+0000,261.80,"{'en': 'Hdqylhkjtn', 'es': 'Vjqdkmtedy', 'fr': 'Qhblxskx'}",13.35,aygfbmrko.jpg,e93303b8-d04f-436c-811f-d7f0de9d2638
VKJXDGSBONUN,86c46e00-5f0a-11e5-bf0e-669bc61c9e84,2,2016-06-19 10:06:27.000+0000,261.80,"{'en': 'Fkpujdavhj', 'es': 'Ifhualo', 'fr': 'Eenozvvksur'}",37.33,fxukqaoaf.jpg,e93303b8-d04f-436c-811f-d7f0de9d2638
VKJXDGSBONUN,54ccbc80-bb36-11e5-9d4b-956006a8c68d,2,2016-06-19 10:06:27.000+0000,261.80,"{'en': 'Smbzhuijnjch', 'es': 'Knpefbzudz', 'fr': 'Basnhmj'}",32.94,drnmueqab.jpg,e93303b8-d04f-436c-811f-d7f0de9d2638
VKJXDGSBONUN,ae4e0b00-1168-11e6-9ef2-209a8afd1be9,3,2016-06-19 10:06:27.000+0000,261.80,"{'en': 'Icxkwyoxn', 'es': 'Pqqncysq', 'fr': 'Wiwizvcd'}",14.91,oyrbxdunogo.jpg,e93303b8-d04f-436c-811f-d7f0de9d2638
VKJXDGSBONUN,2b930300-4c23-11e6-9090-51bca1f46f93,3,2016-06-19 10:06:27.000+0000,261.80,"{'en': 'Nkmixqjmiys', 'es': 'Xjbibuokykys', 'fr': 'Yvnxzrtibl'}",21.06,qswtev.jpg,e93303b8-d04f-436c-811f-d7f0de9d2638
VLZAECXESWSO,c3a00200-1c46-11e5-8cfc-52fd3d828e1f,2,2016-05-15 00:40:54.000+0000,188.31,"{'en': 'Nustukf', 'es': 'Elqxeomwlf', 'fr': 'Qwauljb'}",37.68,loileuf.jpg,8856b017-f9c4-46cc-a282-fa8b8c5aecf4
VLZAECXESWSO,d1932480-ad48-11e5-b39e-9e460d6e05d3,3,2016-05-15 00:40:54.000+0000,188.31,"{'en': 'Ndtayqp', 'es': 'Mahmscui', 'fr': 'Mzvnjw'}",25.33,bhtistcb.jpg,8856b017-f9c4-46cc-a282-fa8b8c5aecf4
VLZAECXESWSO,78519a00-fece-11e5-afa9-f60593fe7266,3,2016-05-15 00:40:54.000+0000,188.31,"{'en': 'Yfxkqqm', 'es': 'Bqftfqgyucpov', 'fr': 'Vsvsypqm'}",12.32,igycowpwkpmq.jpg,8856b017-f9c4-46cc-a282-fa8b8c5aecf4
FXWHIAUPJLJN,eca6a080-934f-11e4-9fb6-a0bce7c5347a,3,2015-03-13 02:33:11.000+0000,313.54,"{'en': 'Dyoujekxngk', 'es': 'Hitreug', 'fr': 'Yhgfbseubzs'}",17.33,nflsa.jpg,c53edd69-6be4-4c90-af52-5d00f0abb8bc
FXWHIAUPJLJN,77348000-cefb-11e4-922d-5b202761d597,2,2015-03-13 02:33:11.000+0000,313.54,"{'en': 'Sgddyerheg', 'es': 'Yhqixtrktuomo', 'fr': 'Jpupwgcdfpsxv'}",23.13,zpzslfh.jpg,c53edd69-6be4-4c90-af52-5d00f0abb8bc
FXWHIAUPJLJN,2b930300-4c23-11e6-9090-51bca1f46f93,3,2015-03-13 02:33:11.000+0000,313.54,"{'en': 'Nkmixqjmiys', 'es': 'Xjbibuokykys', 'fr': 'Yvnxzrtibl'}",21.06,qswtev.jpg,c53edd69-6be4-4c90-af52-5d00f0abb8bc
FXWHIAUPJLJN,a93c4980-6d5f-11e6-9083-0bba6972236f,2,2015-03-13 02:33:11.000+0000,313.54,"{'en': 'Lhsamwhoi', 'es': 'Ygarsybuzzd', 'fr': 'Xjpuojfgz'}",13.32,icamezdmbasn.jpg,c53edd69-6be4-4c90-af52-5d00f0abb8bc
FXWHIAUPJLJN,ebdd6c00-6f81-11e6-ac5f-f19f27fb34f3,3,2015-03-13 02:33:11.000+0000,313.54,"{'en': 'Dihowd', 'es': 'Depkicgxdfyt', 'fr': 'Aormuwkmssgys'}",29.75,gcabdids.jpg,c53edd69-6be4-4c90-af52-5d00f0abb8bc
FXWHIAUPJLJN,45c9dc00-ca20-11e6-aff9-41ff848969df,2,2015-03-13 02:33:11.000+0000,313.54,"{'en': 'Rqtkrrfm', 'es': 'Ipmtezu', 'fr': 'Gyyneu'}",18.11,cahns.jpg,c53edd69-6be4-4c90-af52-5d00f0abb8bc
OAXGYFJEYRMB,2f1beb80-d501-11e4-b7d8-3210c009407d,3,2015-04-30 02:09:25.000+0000,97.82,"{'en': 'Uayqdeqnrfqb', 'es': 'Ngygaruccvpcv', 'fr': 'Memauh'}",20.57,prbfegqatxdf.jpg,cfa6d886-d507-4bbb-90a2-08316a6081d3
OAXGYFJEYRMB,8fa22d80-5a51-11e6-bec5-250a623d7835,1,2015-04-30 02:09:25.000+0000,97.82,"{'en': 'Bujodfonnokai', 'es': 'Hffpgo', 'fr': 'Hxnfrnbtcesm'}",36.11,cwloref.jpg,cfa6d886-d507-4bbb-90a2-08316a6081d3
URMCFKSHHNPJ,6c5f3380-7993-11e5-a7c5-81772d310f76,1,2016-09-29 03:29:42.000+0000,115.94,"{'en': 'Lpctmqxdu', 'es': 'Uqeqpt', 'fr': 'Cwzebiekwo'}",40.01,ojlwwrh.jpg,11ebdaac-0709-4a47-b5a7-4ec11f1ea6bf
URMCFKSHHNPJ,06b73980-7de6-11e6-bec8-194c88e9da2b,2,2016-09-29 03:29:42.000+0000,115.94,"{'en': 'Gkgncqxiypkl', 'es': 'Dkdpaki', 'fr': 'Anbxdiqwgw'}",20.67,rvzrjcuihgao.jpg,11ebdaac-0709-4a47-b5a7-4ec11f1ea6bf
URMCFKSHHNPJ,32e79a80-a745-11e6-bc61-14fce9447012,1,2016-09-29 03:29:42.000+0000,115.94,"{'en': 'Hklxunqutfc', 'es': 'Xpxhgiuso', 'fr': 'Ytqknvfkdic'}",34.59,syyqnwmt.jpg,11ebdaac-0709-4a47-b5a7-4ec11f1ea6bf
VPGIUMGEYLQK,23a35d80-58b2-11e5-be45-8ea58872a947,3,2016-06-14 12:59:52.000+0000,257.67,"{'en': 'Zobpim', 'es': 'Imdxwfatl', 'fr': 'Xlqpqpl'}",22.54,kodijrphv.jpg,a4516f55-1a6b-4d39-b273-2f96d9698498
VPGIUMGEYLQK,95615700-2720-11e6-a97e-e9ad2cecd7fc,3,2016-06-14 12:59:52.000+0000,257.67,"{'en': 'Tvzwgy', 'es': 'Vkpuxytzy', 'fr': 'Wipsegrtfayum'}",32.49,ynbxe.jpg,a4516f55-1a6b-4d39-b273-2f96d9698498
VPGIUMGEYLQK,06b73980-7de6-11e6-bec8-194c88e9da2b,2,2016-06-14 12:59:52.000+0000,257.67,"{'en': 'Gkgncqxiypkl', 'es': 'Dkdpaki', 'fr': 'Anbxdiqwgw'}",20.67,rvzrjcuihgao.jpg,a4516f55-1a6b-4d39-b273-2f96d9698498
VPGIUMGEYLQK,a5b5a100-8bee-11e6-86d5-e38632a7a2f3,3,2016-06-14 12:59:52.000+0000,257.67,"{'en': 'Xsqndrpaiv', 'es': 'Ammbtlllo', 'fr': 'Qltlar'}",39.93,rddaxhikks.jpg,a4516f55-1a6b-4d39-b273-2f96d9698498
VPGIUMGEYLQK,6ca2ef00-9f56-11e6-b309-c8f8ac45a4a4,3,2016-06-14 12:59:52.000+0000,257.67,"{'en': 'Cqgjkzxbjahv', 'es': 'Pxzlvwdgwqqj', 'fr': 'Exwrisb'}",17.08,oiygdohrsu.jpg,a4516f55-1a6b-4d39-b273-2f96d9698498
CIMSLNKCGHSU,5da2dd00-b69e-11e4-a3c1-252b115a14f8,1,2016-02-19 11:17:07.000+0000,182.35,"{'en': 'Tsxdzesblrhr', 'es': 'Yytdni', 'fr': 'Hytbdlvawd'}",28.37,dmlqayamrjx.jpg,310513d7-ce30-463c-a364-28eab1f230be
CIMSLNKCGHSU,e3dbd980-1a2f-11e6-bcb1-c1bd91b1e760,1,2016-02-19 11:17:07.000+0000,182.35,"{'en': 'Rigeaewjdcx', 'es': 'Ibdjkodsapxn', 'fr': 'Ljlspgh'}",33.25,yqltnplzii.jpg,310513d7-ce30-463c-a364-28eab1f230be
CIMSLNKCGHSU,999bad00-3460-11e6-bfcd-c076867d1cfb,2,2016-02-19 11:17:07.000+0000,182.35,"{'en': 'Rkqijmn', 'es': 'Euwvswuhxqxls', 'fr': 'Knzmpq'}",9.95,tdxrmgkzid.jpg,310513d7-ce30-463c-a364-28eab1f230be
CIMSLNKCGHSU,2b930300-4c23-11e6-9090-51bca1f46f93,2,2016-02-19 11:17:07.000+0000,182.35,"{'en': 'Nkmixqjmiys', 'es': 'Xjbibuokykys', 'fr': 'Yvnxzrtibl'}",21.06,qswtev.jpg,310513d7-ce30-463c-a364-28eab1f230be
CIMSLNKCGHSU,31caee80-4e72-11e6-9fbd-36023c580c58,3,2016-02-19 11:17:07.000+0000,182.35,"{'en': 'Nodcyrbr', 'es': 'Seczciohlvj', 'fr': 'Ybxdyjwdsrqch'}",19.57,zqlaxm.jpg,310513d7-ce30-463c-a364-28eab1f230be
HTTEMGTHRXGG,054d7c00-108f-11e5-b0bb-ad0f9bbf48fc,3,2016-05-27 13:26:48.000+0000,220.62,"{'en': 'Ubvwiyhh', 'es': 'Usyypyyjknpln', 'fr': 'Nztllq'}",39.22,wfqjxw.jpg,a69a41e8-a292-4a73-85f5-757e7b1f011f
HTTEMGTHRXGG,ae002400-333b-11e5-8381-39cbb64d2104,1,2016-05-27 13:26:48.000+0000,220.62,"{'en': 'Hbpynyy', 'es': 'Rlhiygwpyv', 'fr': 'Paihdw'}",12.91,egvfb.jpg,a69a41e8-a292-4a73-85f5-757e7b1f011f
HTTEMGTHRXGG,3cac2380-0c75-11e6-9189-e52d05b4f2c6,2,2016-05-27 13:26:48.000+0000,220.62,"{'en': 'Cwgvqouaxq', 'es': 'Ltdpvqdypx', 'fr': 'Pnorcpfdsynmv'}",35.24,sgogqj.jpg,a69a41e8-a292-4a73-85f5-757e7b1f011f
HTTEMGTHRXGG,31caee80-4e72-11e6-9fbd-36023c580c58,1,2016-05-27 13:26:48.000+0000,220.62,"{'en': 'Nodcyrbr', 'es': 'Seczciohlvj', 'fr': 'Ybxdyjwdsrqch'}",19.57,zqlaxm.jpg,a69a41e8-a292-4a73-85f5-757e7b1f011f
VMOHGHJINUGJ,43fa6580-6756-11e5-831c-0e7497a78dc9,1,2016-02-05 14:39:19.000+0000,35.59,"{'en': 'Subrjzid', 'es': 'Kjtzongahmgvl', 'fr': 'Nisnvnjuv'}",35.59,vxpnzwgwt.jpg,b92cb156-22d2-4677-a926-dbe94ea78633
UALICEWKPNYD,0d82e700-0e1a-11e6-af15-5b6b280f05fa,1,2015-07-03 17:48:02.000+0000,36.51,"{'en': 'Ggcmcrbvwy', 'es': 'Ixwimweubo', 'fr': 'Hwpslrq'}",36.51,qkkjigu.jpg,a69a41e8-a292-4a73-85f5-757e7b1f011f
SJQQNXLECOAQ,2f1beb80-d501-11e4-b7d8-3210c009407d,2,2016-02-17 08:45:14.000+0000,99.42,"{'en': 'Uayqdeqnrfqb', 'es': 'Ngygaruccvpcv', 'fr': 'Memauh'}",20.57,prbfegqatxdf.jpg,310513d7-ce30-463c-a364-28eab1f230be
SJQQNXLECOAQ,35bc2180-cf60-11e5-9e26-d650f2990c7c,2,2016-02-17 08:45:14.000+0000,99.42,"{'en': 'Tqzrrmhtiaipt', 'es': 'Vpkzxkpi', 'fr': 'Lzkhirvnzewj'}",15.44,nzqkxwl.jpg,310513d7-ce30-463c-a364-28eab1f230be
SJQQNXLECOAQ,5c9e8500-b9c4-11e6-a278-ebac169b741b,2,2016-02-17 08:45:14.000+0000,99.42,"{'en': 'Efullb', 'es': 'Oujdqwmoz', 'fr': 'Amvmirjqutfz'}",13.70,truxdzovej.jpg,310513d7-ce30-463c-a364-28eab1f230be
CXPPVZFTLKAQ,f2d3b080-b661-11e4-944c-1f9982fd525d,1,2016-02-20 17:09:35.000+0000,232.12,"{'en': 'Riemysr', 'es': 'Flftsygtcprq', 'fr': 'Uzqcsknnfuaa'}",24.03,eqxvvvdumtu.jpg,b92cb156-22d2-4677-a926-dbe94ea78633
CXPPVZFTLKAQ,5da2dd00-b69e-11e4-a3c1-252b115a14f8,2,2016-02-20 17:09:35.000+0000,232.12,"{'en': 'Tsxdzesblrhr', 'es': 'Yytdni', 'fr': 'Hytbdlvawd'}",28.37,dmlqayamrjx.jpg,b92cb156-22d2-4677-a926-dbe94ea78633
CXPPVZFTLKAQ,a0066600-4404-11e5-ac82-ae406cd0e6c8,3,2016-02-20 17:09:35.000+0000,232.12,"{'en': 'Pautrhkrjhiie', 'es': 'Lptfayvwh', 'fr': 'Qybedqypmbt'}",17.15,wpoyv.jpg,b92cb156-22d2-4677-a926-dbe94ea78633
CXPPVZFTLKAQ,54ccbc80-bb36-11e5-9d4b-956006a8c68d,2,2016-02-20 17:09:35.000+0000,232.12,"{'en': 'Smbzhuijnjch', 'es': 'Knpefbzudz', 'fr': 'Basnhmj'}",32.94,drnmueqab.jpg,b92cb156-22d2-4677-a926-dbe94ea78633
CXPPVZFTLKAQ,cae3fa80-777b-11e6-9738-b343125580db,3,2016-02-20 17:09:35.000+0000,232.12,"{'en': 'Mqdaweuisvh', 'es': 'Quxnhxr', 'fr': 'Suyyil'}",11.34,yvxilg.jpg,b92cb156-22d2-4677-a926-dbe94ea78633
STGSOVBLMBXB,f2d3b080-b661-11e4-944c-1f9982fd525d,3,2015-02-20 09:37:26.000+0000,296.81,"{'en': 'Riemysr', 'es': 'Flftsygtcprq', 'fr': 'Uzqcsknnfuaa'}",24.03,eqxvvvdumtu.jpg,8856b017-f9c4-46cc-a282-fa8b8c5aecf4
STGSOVBLMBXB,cc4f4580-c063-11e4-8fee-bb83bce6af3c,1,2015-02-20 09:37:26.000+0000,296.81,"{'en': 'Nhrvfyopgraj', 'es': 'Ufvaer', 'fr': 'Nhoniscaimgy'}",33.90,khxtutbv.jpg,8856b017-f9c4-46cc-a282-fa8b8c5aecf4
STGSOVBLMBXB,77d46880-072d-11e5-83f8-b22ab9ace9d2,3,2015-02-20 09:37:26.000+0000,296.81,"{'en': 'Tdfobnulfd', 'es': 'Wkdqgdljhgjip', 'fr': 'Vqmrouwkploi'}",38.36,edxpzjadjnai.jpg,8856b017-f9c4-46cc-a282-fa8b8c5aecf4
STGSOVBLMBXB,37ddb480-3c8d-11e5-bfb8-d953b3e2da69,2,2015-02-20 09:37:26.000+0000,296.81,"{'en': 'Rwhfnmwjvv', 'es': 'Tsxrme', 'fr': 'Ssdqbeqpjou'}",18.73,zbckfy.jpg,8856b017-f9c4-46cc-a282-fa8b8c5aecf4
STGSOVBLMBXB,4373b000-6da7-11e6-9d28-07600e09f4fa,2,2015-02-20 09:37:26.000+0000,296.81,"{'en': 'Xrtikg', 'es': 'Ggeoqqfi', 'fr': 'Wgkser'}",45.46,bgmerzcha.jpg,8856b017-f9c4-46cc-a282-fa8b8c5aecf4
STGSOVBLMBXB,fb621e00-d2af-11e6-8300-17a2f6785739,1,2015-02-20 09:37:26.000+0000,296.81,"{'en': 'Bcjlcrokiry', 'es': 'Qtnboyv', 'fr': 'Uwldptuvzq'}",18.72,nwofoe.jpg,8856b017-f9c4-46cc-a282-fa8b8c5aecf4
YFSVBDWUQIJO,f5f09200-0779-11e6-8850-b263b0132e40,2,2015-11-09 04:09:16.000+0000,271.55,"{'en': 'Etceffoarxpiy', 'es': 'Cvizfdkffvas', 'fr': 'Htfqyfl'}",32.59,ypibyi.jpg,b92cb156-22d2-4677-a926-dbe94ea78633
YFSVBDWUQIJO,98b17800-6aae-11e6-8c98-1e2a1152da96,3,2015-11-09 04:09:16.000+0000,271.55,"{'en': 'Lvkkqekcaj', 'es': 'Mzskhdo', 'fr': 'Kyxesh'}",33.17,zwhyylzw.jpg,b92cb156-22d2-4677-a926-dbe94ea78633
YFSVBDWUQIJO,bb5b8380-9f6c-11e6-b4c2-c6004815a3d9,3,2015-11-09 04:09:16.000+0000,271.55,"{'en': 'Arryglkokwrn', 'es': 'Qmvqdwykb', 'fr': 'Efkjnbotvbpjt'}",35.62,mvxuy.jpg,b92cb156-22d2-4677-a926-dbe94ea78633
JYKCIDWURQOD,79bfd100-6a2f-11e6-9ad7-93bb5a51ead3,1,2016-01-27 10:47:08.000+0000,90.50,"{'en': 'Wuszpdt', 'es': 'Alsvuvv', 'fr': 'Icsiiwbdcwyss'}",34.55,hfqyo.jpg,e93303b8-d04f-436c-811f-d7f0de9d2638
JYKCIDWURQOD,ec70c200-773a-11e6-b5b1-122f4b2a2426,3,2016-01-27 10:47:08.000+0000,90.50,"{'en': 'Bfmyhpg', 'es': 'Gcdwgwpfzl', 'fr': 'Nqxbgmsa'}",11.09,mcyuufn.jpg,e93303b8-d04f-436c-811f-d7f0de9d2638
JYKCIDWURQOD,cae3fa80-777b-11e6-9738-b343125580db,2,2016-01-27 10:47:08.000+0000,90.50,"{'en': 'Mqdaweuisvh', 'es': 'Quxnhxr', 'fr': 'Suyyil'}",11.34,yvxilg.jpg,e93303b8-d04f-436c-811f-d7f0de9d2638
TAAZSQZKFIBH,cc4f4580-c063-11e4-8fee-bb83bce6af3c,2,2015-08-20 23:38:56.000+0000,319.26,"{'en': 'Nhrvfyopgraj', 'es': 'Ufvaer', 'fr': 'Nhoniscaimgy'}",33.90,khxtutbv.jpg,11ebdaac-0709-4a47-b5a7-4ec11f1ea6bf
TAAZSQZKFIBH,a05d1400-f972-11e4-809c-bcc94e880ed1,1,2015-08-20 23:38:56.000+0000,319.26,"{'en': 'Iizzesdqaa', 'es': 'Uslvroz', 'fr': 'Airnlhhu'}",18.20,eobbcliuryci.jpg,11ebdaac-0709-4a47-b5a7-4ec11f1ea6bf
TAAZSQZKFIBH,054d7c00-108f-11e5-b0bb-ad0f9bbf48fc,2,2015-08-20 23:38:56.000+0000,319.26,"{'en': 'Ubvwiyhh', 'es': 'Usyypyyjknpln', 'fr': 'Nztllq'}",39.22,wfqjxw.jpg,11ebdaac-0709-4a47-b5a7-4ec11f1ea6bf
TAAZSQZKFIBH,b99e6900-1ded-11e6-9673-c938f540054a,1,2015-08-20 23:38:56.000+0000,319.26,"{'en': 'Gnxjfjrecas', 'es': 'Lgikxapve', 'fr': 'Okstgxkang'}",26.72,ltngzkvxigr.jpg,11ebdaac-0709-4a47-b5a7-4ec11f1ea6bf
TAAZSQZKFIBH,2fd44e80-833f-11e6-9d64-1fd80ea49503,3,2015-08-20 23:38:56.000+0000,319.26,"{'en': 'Kivclqkpkuhds', 'es': 'Nginacsvb', 'fr': 'Awisnwimtaljm'}",27.75,qbkfzc.jpg,11ebdaac-0709-4a47-b5a7-4ec11f1ea6bf
TAAZSQZKFIBH,ba23a880-0150-11e7-bb19-0c0012efbe30,3,2015-08-20 23:38:56.000+0000,319.26,"{'en': 'Styygn', 'es': 'Kmvhhhfaaifw', 'fr': 'Vkjjptxrxifcs'}",14.95,oitugviuq.jpg,11ebdaac-0709-4a47-b5a7-4ec11f1ea6bf
JPPLEKDSWZOG,78519a00-fece-11e5-afa9-f60593fe7266,1,2016-02-29 12:14:07.000+0000,12.32,"{'en': 'Yfxkqqm', 'es': 'Bqftfqgyucpov', 'fr': 'Vsvsypqm'}",12.32,igycowpwkpmq.jpg,71ec6ffa-f01a-42d1-b30b-839b841d62d6
BFYAGFLLIPCW,77348000-cefb-11e4-922d-5b202761d597,1,2015-09-25 15:10:23.000+0000,192.66,"{'en': 'Sgddyerheg', 'es': 'Yhqixtrktuomo', 'fr': 'Jpupwgcdfpsxv'}",23.13,zpzslfh.jpg,a4516f55-1a6b-4d39-b273-2f96d9698498
BFYAGFLLIPCW,30007f00-66ed-11e6-857f-3a519f95dce1,2,2015-09-25 15:10:23.000+0000,192.66,"{'en': 'Kmctoyhtuwwze', 'es': 'Hyrmxblgqs', 'fr': 'Iftqkei'}",32.85,rypegqaqbip.jpg,a4516f55-1a6b-4d39-b273-2f96d9698498
BFYAGFLLIPCW,71b8af00-979c-11e6-8119-33fd12640fa6,3,2015-09-25 15:10:23.000+0000,192.66,"{'en': 'Pbabzpjeicwk', 'es': 'Pcdfwbzn', 'fr': 'Fsnzgptzal'}",34.61,dieust.jpg,a4516f55-1a6b-4d39-b273-2f96d9698498
NJUGJMGAWVKT,bb066a80-2123-11e5-b4d8-3eecfc1d94b5,2,2015-07-19 14:49:50.000+0000,159.61,"{'en': 'Sobytpchekph', 'es': 'Utnkefl', 'fr': 'Cyamxcjse'}",32.46,vhubjvl.jpg,11ebdaac-0709-4a47-b5a7-4ec11f1ea6bf
NJUGJMGAWVKT,7916dd80-88e8-11e5-bcc3-2eea3f4b0271,3,2015-07-19 14:49:50.000+0000,159.61,"{'en': 'Rdhxxdnd', 'es': 'Fmhqdndsaploo', 'fr': 'Tpzrob'}",26.40,vbzse.jpg,11ebdaac-0709-4a47-b5a7-4ec11f1ea6bf
NJUGJMGAWVKT,c0f46600-d175-11e6-af8a-8870a961368a,1,2015-07-19 14:49:50.000+0000,159.61,"{'en': 'Tfeewbmxc', 'es': 'Qgzthkowawkq', 'fr': 'Qcxjdroplygfg'}",15.49,yngsrrd.jpg,11ebdaac-0709-4a47-b5a7-4ec11f1ea6bf
YASZWICTGNRB,b2d71000-0bf5-11e5-aefa-2761c1c51b4b,2,2016-06-04 08:33:06.000+0000,297.88,"{'en': 'Pfturuumxye', 'es': 'Zyjbzxutbnaf', 'fr': 'Lzuvulamwsp'}",36.70,mpcjkztwb.jpg,e93303b8-d04f-436c-811f-d7f0de9d2638
YASZWICTGNRB,b99e6900-1ded-11e6-9673-c938f540054a,3,2016-06-04 08:33:06.000+0000,297.88,"{'en': 'Gnxjfjrecas', 'es': 'Lgikxapve', 'fr': 'Okstgxkang'}",26.72,ltngzkvxigr.jpg,e93303b8-d04f-436c-811f-d7f0de9d2638
YASZWICTGNRB,71b8af00-979c-11e6-8119-33fd12640fa6,3,2016-06-04 08:33:06.000+0000,297.88,"{'en': 'Pbabzpjeicwk', 'es': 'Pcdfwbzn', 'fr': 'Fsnzgptzal'}",34.61,dieust.jpg,e93303b8-d04f-436c-811f-d7f0de9d2638
YASZWICTGNRB,70b9f880-d288-11e6-b126-0535e17ec5c9,1,2016-06-04 08:33:06.000+0000,297.88,"{'en': 'Knarpxh', 'es': 'Jfbetecpdher', 'fr': 'Sjglgylukc'}",40.49,ivhbrgcca.jpg,e93303b8-d04f-436c-811f-d7f0de9d2638
MKOCBWRWMYGF,7916dd80-88e8-11e5-bcc3-2eea3f4b0271,2,2016-07-01 22:20:33.000+0000,238.60,"{'en': 'Rdhxxdnd', 'es': 'Fmhqdndsaploo', 'fr': 'Tpzrob'}",26.40,vbzse.jpg,71ec6ffa-f01a-42d1-b30b-839b841d62d6
MKOCBWRWMYGF,c2137480-dda7-11e5-8ce2-8243739b73d7,1,2016-07-01 22:20:33.000+0000,238.60,"{'en': 'Gkpjxm', 'es': 'Gihkaodrcnnw', 'fr': 'Uojpzotuajwr'}",21.67,yomlnxysdla.jpg,71ec6ffa-f01a-42d1-b30b-839b841d62d6
MKOCBWRWMYGF,4373b000-6da7-11e6-9d28-07600e09f4fa,3,2016-07-01 22:20:33.000+0000,238.60,"{'en': 'Xrtikg', 'es': 'Ggeoqqfi', 'fr': 'Wgkser'}",45.46,bgmerzcha.jpg,71ec6ffa-f01a-42d1-b30b-839b841d62d6
MKOCBWRWMYGF,2fd44e80-833f-11e6-9d64-1fd80ea49503,1,2016-07-01 22:20:33.000+0000,238.60,"{'en': 'Kivclqkpkuhds', 'es': 'Nginacsvb', 'fr': 'Awisnwimtaljm'}",27.75,qbkfzc.jpg,71ec6ffa-f01a-42d1-b30b-839b841d62d6
UTLBEFTBVIUD,ae4e0b00-1168-11e6-9ef2-209a8afd1be9,3,2016-04-24 03:43:03.000+0000,44.73,"{'en': 'Icxkwyoxn', 'es': 'Pqqncysq', 'fr': 'Wiwizvcd'}",14.91,oyrbxdunogo.jpg,a4516f55-1a6b-4d39-b273-2f96d9698498
APEJKHKDCKJR,2f1beb80-d501-11e4-b7d8-3210c009407d,1,2015-05-22 15:02:41.000+0000,20.57,"{'en': 'Uayqdeqnrfqb', 'es': 'Ngygaruccvpcv', 'fr': 'Memauh'}",20.57,prbfegqatxdf.jpg,e8724756-5012-41e2-901f-e81f7b6893d1
DAUSLRXKBDPM,b2254300-1386-11e5-8be3-4b11c68ded7a,1,2015-12-11 15:54:49.000+0000,307.77,"{'en': 'Tbnwbxqrtulp', 'es': 'Tifuqy', 'fr': 'Knrlfvkvo'}",17.25,nzrouqytckk.jpg,310513d7-ce30-463c-a364-28eab1f230be
DAUSLRXKBDPM,43fa6580-6756-11e5-831c-0e7497a78dc9,1,2015-12-11 15:54:49.000+0000,307.77,"{'en': 'Subrjzid', 'es': 'Kjtzongahmgvl', 'fr': 'Nisnvnjuv'}",35.59,vxpnzwgwt.jpg,310513d7-ce30-463c-a364-28eab1f230be
DAUSLRXKBDPM,8dba0580-7855-11e5-bf0a-c4d5c4ea4ddd,2,2015-12-11 15:54:49.000+0000,307.77,"{'en': 'Fwpcsujfr', 'es': 'Uyafsp', 'fr': 'Yfzkhkvcj'}",28.45,sbvswp.jpg,310513d7-ce30-463c-a364-28eab1f230be
DAUSLRXKBDPM,939cac00-08b5-11e6-89f6-2d1c116d989e,2,2015-12-11 15:54:49.000+0000,307.77,"{'en': 'Zgwmdgyirews', 'es': 'Imswlocqzaia', 'fr': 'Lbrffwkr'}",39.31,npsswxjsr.jpg,310513d7-ce30-463c-a364-28eab1f230be
DAUSLRXKBDPM,4373b000-6da7-11e6-9d28-07600e09f4fa,3,2015-12-11 15:54:49.000+0000,307.77,"{'en': 'Xrtikg', 'es': 'Ggeoqqfi', 'fr': 'Wgkser'}",45.46,bgmerzcha.jpg,310513d7-ce30-463c-a364-28eab1f230be
DAUSLRXKBDPM,a5b5a100-8bee-11e6-86d5-e38632a7a2f3,1,2015-12-11 15:54:49.000+0000,307.77,"{'en': 'Xsqndrpaiv', 'es': 'Ammbtlllo', 'fr': 'Qltlar'}",39.93,rddaxhikks.jpg,310513d7-ce30-463c-a364-28eab1f230be
OWONGVEQGHBT,31caee80-4e72-11e6-9fbd-36023c580c58,1,2015-08-27 10:47:31.000+0000,93.89,"{'en': 'Nodcyrbr', 'es': 'Seczciohlvj', 'fr': 'Ybxdyjwdsrqch'}",19.57,zqlaxm.jpg,c53edd69-6be4-4c90-af52-5d00f0abb8bc
OWONGVEQGHBT,e111ad80-eb97-11e6-ba3a-2865505814a6,1,2015-08-27 10:47:31.000+0000,93.89,"{'en': 'Ileagtdmcqrn', 'es': 'Sysuhgsfgkc', 'fr': 'Rssitnpmgpmh'}",30.02,gsjizcvdw.jpg,c53edd69-6be4-4c90-af52-5d00f0abb8bc
OWONGVEQGHBT,bf935300-f0bc-11e6-a458-23b53adc98fa,2,2015-08-27 10:47:31.000+0000,93.89,"{'en': 'Dnaedhsyhkxf', 'es': 'Fholpgqbconqi', 'fr': 'Yeqdfsrtm'}",22.15,rwhzbbr.jpg,c53edd69-6be4-4c90-af52-5d00f0abb8bc
XXKMVNTALRCY,b2254300-1386-11e5-8be3-4b11c68ded7a,2,2016-12-26 21:25:14.000+0000,150.58,"{'en': 'Tbnwbxqrtulp', 'es': 'Tifuqy', 'fr': 'Knrlfvkvo'}",17.25,nzrouqytckk.jpg,cfa6d886-d507-4bbb-90a2-08316a6081d3
XXKMVNTALRCY,43fa6580-6756-11e5-831c-0e7497a78dc9,2,2016-12-26 21:25:14.000+0000,150.58,"{'en': 'Subrjzid', 'es': 'Kjtzongahmgvl', 'fr': 'Nisnvnjuv'}",35.59,vxpnzwgwt.jpg,cfa6d886-d507-4bbb-90a2-08316a6081d3
XXKMVNTALRCY,d1932480-ad48-11e5-b39e-9e460d6e05d3,1,2016-12-26 21:25:14.000+0000,150.58,"{'en': 'Ndtayqp', 'es': 'Mahmscui', 'fr': 'Mzvnjw'}",25.33,bhtistcb.jpg,cfa6d886-d507-4bbb-90a2-08316a6081d3
XXKMVNTALRCY,31caee80-4e72-11e6-9fbd-36023c580c58,1,2016-12-26 21:25:14.000+0000,150.58,"{'en': 'Nodcyrbr', 'es': 'Seczciohlvj', 'fr': 'Ybxdyjwdsrqch'}",19.57,zqlaxm.jpg,cfa6d886-d507-4bbb-90a2-08316a6081d3
HDRDZGJADATL,a5b5a100-8bee-11e6-86d5-e38632a7a2f3,3,2016-10-02 21:08:08.000+0000,153.95,"{'en': 'Xsqndrpaiv', 'es': 'Ammbtlllo', 'fr': 'Qltlar'}",39.93,rddaxhikks.jpg,e8724756-5012-41e2-901f-e81f7b6893d1
HDRDZGJADATL,6ca2ef00-9f56-11e6-b309-c8f8ac45a4a4,2,2016-10-02 21:08:08.000+0000,153.95,"{'en': 'Cqgjkzxbjahv', 'es': 'Pxzlvwdgwqqj', 'fr': 'Exwrisb'}",17.08,oiygdohrsu.jpg,e8724756-5012-41e2-901f-e81f7b6893d1
HKIPQEQOVKOZ,37ddb480-3c8d-11e5-bfb8-d953b3e2da69,3,2016-05-26 11:40:19.000+0000,99.42,"{'en': 'Rwhfnmwjvv', 'es': 'Tsxrme', 'fr': 'Ssdqbeqpjou'}",18.73,zbckfy.jpg,11ebdaac-0709-4a47-b5a7-4ec11f1ea6bf
HKIPQEQOVKOZ,8b1f3900-e5c7-11e5-861e-f2fd547b8298,1,2016-05-26 11:40:19.000+0000,99.42,"{'en': 'Lmdwflzcm', 'es': 'Ogwoslrghwj', 'fr': 'Txdzqgtonuwde'}",24.51,ysnqtgb.jpg,11ebdaac-0709-4a47-b5a7-4ec11f1ea6bf
HKIPQEQOVKOZ,fb621e00-d2af-11e6-8300-17a2f6785739,1,2016-05-26 11:40:19.000+0000,99.42,"{'en': 'Bcjlcrokiry', 'es': 'Qtnboyv', 'fr': 'Uwldptuvzq'}",18.72,nwofoe.jpg,11ebdaac-0709-4a47-b5a7-4ec11f1ea6bf
IDXABZLJMBNP,cc4f4580-c063-11e4-8fee-bb83bce6af3c,2,2015-02-15 20:30:32.000+0000,203.76,"{'en': 'Nhrvfyopgraj', 'es': 'Ufvaer', 'fr': 'Nhoniscaimgy'}",33.90,khxtutbv.jpg,d1c38828-bfb4-47e6-931d-bfad5db46304
IDXABZLJMBNP,6c377000-1557-11e7-a924-57ef8eecaa17,3,2015-02-15 20:30:32.000+0000,203.76,"{'en': 'Toqmbp', 'es': 'Ukjlosoldwl', 'fr': 'Xnaqcctzcmbf'}",45.32,gvqsrxgemzc.jpg,d1c38828-bfb4-47e6-931d-bfad5db46304
LXARGOVVKCCZ,af88eb00-3187-11e5-b694-c292beae2888,3,2016-12-02 13:57:13.000+0000,261.13,"{'en': 'Bkwsgzfz', 'es': 'Pwepzaxxhm', 'fr': 'Cbvkfmigdzw'}",43.27,lsoijf.jpg,a4516f55-1a6b-4d39-b273-2f96d9698498
LXARGOVVKCCZ,e6e35b00-4e09-11e5-8e6f-044cf2bc3283,2,2016-12-02 13:57:13.000+0000,261.13,"{'en': 'Szxvtizahvf', 'es': 'Wnqyqq', 'fr': 'Gumsixescq'}",39.33,yvtyamg.jpg,a4516f55-1a6b-4d39-b273-2f96d9698498
LXARGOVVKCCZ,54ccbc80-bb36-11e5-9d4b-956006a8c68d,3,2016-12-02 13:57:13.000+0000,261.13,"{'en': 'Smbzhuijnjch', 'es': 'Knpefbzudz', 'fr': 'Basnhmj'}",32.94,drnmueqab.jpg,a4516f55-1a6b-4d39-b273-2f96d9698498
LXARGOVVKCCZ,2b930300-4c23-11e6-9090-51bca1f46f93,1,2016-12-02 13:57:13.000+0000,261.13,"{'en': 'Nkmixqjmiys', 'es': 'Xjbibuokykys', 'fr': 'Yvnxzrtibl'}",21.06,qswtev.jpg,a4516f55-1a6b-4d39-b273-2f96d9698498
LXARGOVVKCCZ,1e319400-0259-11e7-b15e-6c8537ebd16e,1,2016-12-02 13:57:13.000+0000,261.13,"{'en': 'Ojppoyezi', 'es': 'Zhabln', 'fr': 'Hgomhqmwck'}",11.44,oasidejllu.jpg,a4516f55-1a6b-4d39-b273-2f96d9698498
HLFZFNCSGQYU,f41d2100-c0ed-11e5-88ef-3f4bc510e51f,2,2017-02-06 02:23:23.000+0000,300.33,"{'en': 'Angnqk', 'es': 'Xhrorwzn', 'fr': 'Hyuuzrbyeot'}",11.50,dyccdyywvsqx.jpg,71ec6ffa-f01a-42d1-b30b-839b841d62d6
HLFZFNCSGQYU,ae4e0b00-1168-11e6-9ef2-209a8afd1be9,1,2017-02-06 02:23:23.000+0000,300.33,"{'en': 'Icxkwyoxn', 'es': 'Pqqncysq', 'fr': 'Wiwizvcd'}",14.91,oyrbxdunogo.jpg,71ec6ffa-f01a-42d1-b30b-839b841d62d6
HLFZFNCSGQYU,30007f00-66ed-11e6-857f-3a519f95dce1,3,2017-02-06 02:23:23.000+0000,300.33,"{'en': 'Kmctoyhtuwwze', 'es': 'Hyrmxblgqs', 'fr': 'Iftqkei'}",32.85,rypegqaqbip.jpg,71ec6ffa-f01a-42d1-b30b-839b841d62d6
HLFZFNCSGQYU,71b8af00-979c-11e6-8119-33fd12640fa6,3,2017-02-06 02:23:23.000+0000,300.33,"{'en': 'Pbabzpjeicwk', 'es': 'Pcdfwbzn', 'fr': 'Fsnzgptzal'}",34.61,dieust.jpg,71ec6ffa-f01a-42d1-b30b-839b841d62d6
HLFZFNCSGQYU,e111ad80-eb97-11e6-ba3a-2865505814a6,2,2017-02-06 02:23:23.000+0000,300.33,"{'en': 'Ileagtdmcqrn', 'es': 'Sysuhgsfgkc', 'fr': 'Rssitnpmgpmh'}",30.02,gsjizcvdw.jpg,71ec6ffa-f01a-42d1-b30b-839b841d62d6
IPZFCSZNOAKF,af88eb00-3187-11e5-b694-c292beae2888,1,2015-01-15 14:10:51.000+0000,88.00,"{'en': 'Bkwsgzfz', 'es': 'Pwepzaxxhm', 'fr': 'Cbvkfmigdzw'}",43.27,lsoijf.jpg,a69a41e8-a292-4a73-85f5-757e7b1f011f
IPZFCSZNOAKF,ae4e0b00-1168-11e6-9ef2-209a8afd1be9,3,2015-01-15 14:10:51.000+0000,88.00,"{'en': 'Icxkwyoxn', 'es': 'Pqqncysq', 'fr': 'Wiwizvcd'}",14.91,oyrbxdunogo.jpg,a69a41e8-a292-4a73-85f5-757e7b1f011f
TNAEHYUCREEX,06b73980-7de6-11e6-bec8-194c88e9da2b,2,2016-08-23 19:44:28.000+0000,86.19,"{'en': 'Gkgncqxiypkl', 'es': 'Dkdpaki', 'fr': 'Anbxdiqwgw'}",20.67,rvzrjcuihgao.jpg,a69a41e8-a292-4a73-85f5-757e7b1f011f
TNAEHYUCREEX,ba23a880-0150-11e7-bb19-0c0012efbe30,3,2016-08-23 19:44:28.000+0000,86.19,"{'en': 'Styygn', 'es': 'Kmvhhhfaaifw', 'fr': 'Vkjjptxrxifcs'}",14.95,oitugviuq.jpg,a69a41e8-a292-4a73-85f5-757e7b1f011f
PFVVFDAYZIZU,8051df80-6969-11e5-9f7b-4732a5da9ae0,2,2016-11-02 15:47:09.000+0000,140.60,"{'en': 'Wgdrtfpdght', 'es': 'Lxlyhgr', 'fr': 'Nykzpgbglw'}",23.52,mmmtxzlmki.jpg,b92cb156-22d2-4677-a926-dbe94ea78633
PFVVFDAYZIZU,999bad00-3460-11e6-bfcd-c076867d1cfb,2,2016-11-02 15:47:09.000+0000,140.60,"{'en': 'Rkqijmn', 'es': 'Euwvswuhxqxls', 'fr': 'Knzmpq'}",9.95,tdxrmgkzid.jpg,b92cb156-22d2-4677-a926-dbe94ea78633
PFVVFDAYZIZU,45c9dc00-ca20-11e6-aff9-41ff848969df,2,2016-11-02 15:47:09.000+0000,140.60,"{'en': 'Rqtkrrfm', 'es': 'Ipmtezu', 'fr': 'Gyyneu'}",18.11,cahns.jpg,b92cb156-22d2-4677-a926-dbe94ea78633
PFVVFDAYZIZU,fb621e00-d2af-11e6-8300-17a2f6785739,2,2016-11-02 15:47:09.000+0000,140.60,"{'en': 'Bcjlcrokiry', 'es': 'Qtnboyv', 'fr': 'Uwldptuvzq'}",18.72,nwofoe.jpg,b92cb156-22d2-4677-a926-dbe94ea78633
XUQSFQUIIDLM,b2098a80-c17d-11e4-b554-7eee90f74c0d,3,2015-04-17 05:33:55.000+0000,223.65,"{'en': 'Eocepeap', 'es': 'Csrtzrdovgys', 'fr': 'Zslcthfdexmg'}",26.84,oxbpzit.jpg,e93303b8-d04f-436c-811f-d7f0de9d2638
XUQSFQUIIDLM,c8030580-1953-11e6-878e-2e3f1a130028,3,2015-04-17 05:33:55.000+0000,223.65,"{'en': 'Vvjkkavslb', 'es': 'Gebuiyzcy', 'fr': 'Wxfbqz'}",27.04,guciqqjy.jpg,e93303b8-d04f-436c-811f-d7f0de9d2638
XUQSFQUIIDLM,06b73980-7de6-11e6-bec8-194c88e9da2b,3,2015-04-17 05:33:55.000+0000,223.65,"{'en': 'Gkgncqxiypkl', 'es': 'Dkdpaki', 'fr': 'Anbxdiqwgw'}",20.67,rvzrjcuihgao.jpg,e93303b8-d04f-436c-811f-d7f0de9d2638
TXXPVPXSZEIJ,35bc2180-cf60-11e5-9e26-d650f2990c7c,1,2016-09-12 09:42:10.000+0000,15.44,"{'en': 'Tqzrrmhtiaipt', 'es': 'Vpkzxkpi', 'fr': 'Lzkhirvnzewj'}",15.44,nzqkxwl.jpg,71ec6ffa-f01a-42d1-b30b-839b841d62d6
