3,c2137480-dda7-11e5-8ce2-8243739b73d7,"{'en': 'Gkpjxm', 'es': 'Gihkaodrcnnw', 'fr': 'Uojpzotuajwr'}",15,21.67,yomlnxysdla.jpg
3,939cac00-08b5-11e6-89f6-2d1c116d989e,"{'en': 'Zgwmdgyirews', 'es': 'Imswlocqzaia', 'fr': 'Lbrffwkr'}",14,39.31,npsswxjsr.jpg
3,ae4e0b00-1168-11e6-9ef2-209a8afd1be9,"{'en': 'Icxkwyoxn', 'es': 'Pqqncysq', 'fr': 'Wiwizvcd'}",13,14.91,oyrbxdunogo.jpg
3,2b930300-4c23-11e6-9090-51bca1f46f93,"{'en': 'Nkmixqjmiys', 'es': 'Xjbibuokykys', 'fr': 'Yvnxzrtibl'}",12,21.06,qswtev.jpg
3,30007f00-66ed-11e6-857f-3a519f95dce1,"{'en': 'Kmctoyhtuwwze', 'es': 'Hyrmxblgqs', 'fr': 'Iftqkei'}",10,32.85,rypegqaqbip.jpg
3,ebdd6c00-6f81-11e6-ac5f-f19f27fb34f3,"{'en': 'Dihowd', 'es': 'Depkicgxdfyt', 'fr': 'Aormuwkmssgys'}",13,29.75,gcabdids.jpg
3,a5b5a100-8bee-11e6-86d5-e38632a7a2f3,"{'en': 'Xsqndrpaiv', 'es': 'Ammbtlllo', 'fr': 'Qltlar'}",15,39.93,rddaxhikks.jpg
3,ba23a880-0150-11e7-bb19-0c0012efbe30,"{'en': 'Styygn', 'es': 'Kmvhhhfaaifw', 'fr': 'Vkjjptxrxifcs'}",10,14.95,oitugviuq.jpg
8,c2137480-dda7-11e5-8ce2-8243739b73d7,"{'en': 'Gkpjxm', 'es': 'Gihkaodrcnnw', 'fr': 'Uojpzotuajwr'}",15,21.67,yomlnxysdla.jpg
8,939cac00-08b5-11e6-89f6-2d1c116d989e,"{'en': 'Zgwmdgyirews', 'es': 'Imswlocqzaia', 'fr': 'Lbrffwkr'}",14,39.31,npsswxjsr.jpg
8,ae4e0b00-1168-11e6-9ef2-209a8afd1be9,"{'en': 'Icxkwyoxn', 'es': 'Pqqncysq', 'fr': 'Wiwizvcd'}",13,14.91,oyrbxdunogo.jpg
8,2b930300-4c23-11e6-9090-51bca1f46f93,"{'en': 'Nkmixqjmiys', 'es': 'Xjbibuokykys', 'fr': 'Yvnxzrtibl'}",12,21.06,qswtev.jpg
8,30007f00-66ed-11e6-857f-3a519f95dce1,"{'en': 'Kmctoyhtuwwze', 'es': 'Hyrmxblgqs', 'fr': 'Iftqkei'}",10,32.85,rypegqaqbip.jpg
8,ebdd6c00-6f81-11e6-ac5f-f19f27fb34f3,"{'en': 'Dihowd', 'es': 'Depkicgxdfyt', 'fr': 'Aormuwkmssgys'}",13,29.75,gcabdids.jpg
8,a5b5a100-8bee-11e6-86d5-e38632a7a2f3,"{'en': 'Xsqndrpaiv', 'es': 'Ammbtlllo', 'fr': 'Qltlar'}",15,39.93,rddaxhikks.jpg
8,ba23a880-0150-11e7-bb19-0c0012efbe30,"{'en': 'Styygn', 'es': 'Kmvhhhfaaifw', 'fr': 'Vkjjptxrxifcs'}",10,14.95,oitugviuq.jpg
7,c2137480-dda7-11e5-8ce2-8243739b73d7,"{'en': 'Gkpjxm', 'es': 'Gihkaodrcnnw', 'fr': 'Uojpzotuajwr'}",15,21.67,yomlnxysdla.jpg
7,939cac00-08b5-11e6-89f6-2d1c116d989e,"{'en': 'Zgwmdgyirews', 'es': 'Imswlocqzaia', 'fr': 'Lbrffwkr'}",14,39.31,npsswxjsr.jpg
7,ae4e0b00-1168-11e6-9ef2-209a8afd1be9,"{'en': 'Icxkwyoxn', 'es': 'Pqqncysq', 'fr': 'Wiwizvcd'}",13,14.91,oyrbxdunogo.jpg
7,2b930300-4c23-11e6-9090-51bca1f46f93,"{'en': 'Nkmixqjmiys', 'es': 'Xjbibuokykys', 'fr': 'Yvnxzrtibl'}",12,21.06,qswtev.jpg
7,30007f00-66ed-11e6-857f-3a519f95dce1,"{'en': 'Kmctoyhtuwwze', 'es': 'Hyrmxblgqs', 'fr': 'Iftqkei'}",10,32.85,rypegqaqbip.jpg
7,ebdd6c00-6f81-11e6-ac5f-f19f27fb34f3,"{'en': 'Dihowd', 'es': 'Depkicgxdfyt', 'fr': 'Aormuwkmssgys'}",13,29.75,gcabdids.jpg
7,a5b5a100-8bee-11e6-86d5-e38632a7a2f3,"{'en': 'Xsqndrpaiv', 'es': 'Ammbtlllo', 'fr': 'Qltlar'}",15,39.93,rddaxhikks.jpg
7,ba23a880-0150-11e7-bb19-0c0012efbe30,"{'en': 'Styygn', 'es': 'Kmvhhhfaaifw', 'fr': 'Vkjjptxrxifcs'}",10,14.95,oitugviuq.jpg
1,c2137480-dda7-11e5-8ce2-8243739b73d7,"{'en': 'Gkpjxm', 'es': 'Gihkaodrcnnw', 'fr': 'Uojpzotuajwr'}",15,21.67,yomlnxysdla.jpg
1,939cac00-08b5-11e6-89f6-2d1c116d989e,"{'en': 'Zgwmdgyirews', 'es': 'Imswlocqzaia', 'fr': 'Lbrffwkr'}",14,39.31,npsswxjsr.jpg
1,ae4e0b00-1168-11e6-9ef2-209a8afd1be9,"{'en': 'Icxkwyoxn', 'es': 'Pqqncysq', 'fr': 'Wiwizvcd'}",13,14.91,oyrbxdunogo.jpg
1,2b930300-4c23-11e6-9090-51bca1f46f93,"{'en': 'Nkmixqjmiys', 'es': 'Xjbibuokykys', 'fr': 'Yvnxzrtibl'}",12,21.06,qswtev.jpg
1,30007f00-66ed-11e6-857f-3a519f95dce1,"{'en': 'Kmctoyhtuwwze', 'es': 'Hyrmxblgqs', 'fr': 'Iftqkei'}",10,32.85,rypegqaqbip.jpg
1,ebdd6c00-6f81-11e6-ac5f-f19f27fb34f3,"{'en': 'Dihowd', 'es': 'Depkicgxdfyt', 'fr': 'Aormuwkmssgys'}",13,29.75,gcabdids.jpg
1,a5b5a100-8bee-11e6-86d5-e38632a7a2f3,"{'en': 'Xsqndrpaiv', 'es': 'Ammbtlllo', 'fr': 'Qltlar'}",15,39.93,rddaxhikks.jpg
1,ba23a880-0150-11e7-bb19-0c0012efbe30,"{'en': 'Styygn', 'es': 'Kmvhhhfaaifw', 'fr': 'Vkjjptxrxifcs'}",10,14.95,oitugviuq.jpg
2,c2137480-dda7-11e5-8ce2-8243739b73d7,"{'en': 'Gkpjxm', 'es': 'Gihkaodrcnnw', 'fr': 'Uojpzotuajwr'}",15,21.67,yomlnxysdla.jpg
2,939cac00-08b5-11e6-89f6-2d1c116d989e,"{'en': 'Zgwmdgyirews', 'es': 'Imswlocqzaia', 'fr': 'Lbrffwkr'}",14,39.31,npsswxjsr.jpg
2,ae4e0b00-1168-11e6-9ef2-209a8afd1be9,"{'en': 'Icxkwyoxn', 'es': 'Pqqncysq', 'fr': 'Wiwizvcd'}",13,14.91,oyrbxdunogo.jpg
2,2b930300-4c23-11e6-9090-51bca1f46f93,"{'en': 'Nkmixqjmiys', 'es': 'Xjbibuokykys', 'fr': 'Yvnxzrtibl'}",12,21.06,qswtev.jpg
2,30007f00-66ed-11e6-857f-3a519f95dce1,"{'en': 'Kmctoyhtuwwze', 'es': 'Hyrmxblgqs', 'fr': 'Iftqkei'}",10,32.85,rypegqaqbip.jpg
2,ebdd6c00-6f81-11e6-ac5f-f19f27fb34f3,"{'en': 'Dihowd', 'es': 'Depkicgxdfyt', 'fr': 'Aormuwkmssgys'}",13,29.75,gcabdids.jpg
2,a5b5a100-8bee-11e6-86d5-e38632a7a2f3,"{'en': 'Xsqndrpaiv', 'es': 'Ammbtlllo', 'fr': 'Qltlar'}",15,39.93,rddaxhikks.jpg
2,ba23a880-0150-11e7-bb19-0c0012efbe30,"{'en': 'Styygn', 'es': 'Kmvhhhfaaifw', 'fr': 'Vkjjptxrxifcs'}",10,14.95,oitugviuq.jpg
4,c2137480-dda7-11e5-8ce2-8243739b73d7,"{'en': 'Gkpjxm', 'es': 'Gihkaodrcnnw', 'fr': 'Uojpzotuajwr'}",15,21.67,yomlnxysdla.jpg
4,939cac00-08b5-11e6-89f6-2d1c116d989e,"{'en': 'Zgwmdgyirews', 'es': 'Imswlocqzaia', 'fr': 'Lbrffwkr'}",14,39.31,npsswxjsr.jpg
4,ae4e0b00-1168-11e6-9ef2-209a8afd1be9,"{'en': 'Icxkwyoxn', 'es': 'Pqqncysq', 'fr': 'Wiwizvcd'}",13,14.91,oyrbxdunogo.jpg
4,2b930300-4c23-11e6-9090-51bca1f46f93,"{'en': 'Nkmixqjmiys', 'es': 'Xjbibuokykys', 'fr': 'Yvnxzrtibl'}",12,21.06,qswtev.jpg
4,30007f00-66ed-11e6-857f-3a519f95dce1,"{'en': 'Kmctoyhtuwwze', 'es': 'Hyrmxblgqs', 'fr': 'Iftqkei'}",10,32.85,rypegqaqbip.jpg
4,ebdd6c00-6f81-11e6-ac5f-f19f27fb34f3,"{'en': 'Dihowd', 'es': 'Depkicgxdfyt', 'fr': 'Aormuwkmssgys'}",13,29.75,gcabdids.jpg
4,a5b5a100-8bee-11e6-86d5-e38632a7a2f3,"{'en': 'Xsqndrpaiv', 'es': 'Ammbtlllo', 'fr': 'Qltlar'}",15,39.93,rddaxhikks.jpg
4,ba23a880-0150-11e7-bb19-0c0012efbe30,"{'en': 'Styygn', 'es': 'Kmvhhhfaaifw', 'fr': 'Vkjjptxrxifcs'}",10,14.95,oitugviuq.jpg
5,c2137480-dda7-11e5-8ce2-8243739b73d7,"{'en': 'Gkpjxm', 'es': 'Gihkaodrcnnw', 'fr': 'Uojpzotuajwr'}",15,21.67,yomlnxysdla.jpg
5,939cac00-08b5-11e6-89f6-2d1c116d989e,"{'en': 'Zgwmdgyirews', 'es': 'Imswlocqzaia', 'fr': 'Lbrffwkr'}",14,39.31,npsswxjsr.jpg
5,ae4e0b00-1168-11e6-9ef2-209a8afd1be9,"{'en': 'Icxkwyoxn', 'es': 'Pqqncysq', 'fr': 'Wiwizvcd'}",13,14.91,oyrbxdunogo.jpg
5,2b930300-4c23-11e6-9090-51bca1f46f93,"{'en': 'Nkmixqjmiys', 'es': 'Xjbibuokykys', 'fr': 'Yvnxzrtibl'}",12,21.06,qswtev.jpg
5,30007f00-66ed-11e6-857f-3a519f95dce1,"{'en': 'Kmctoyhtuwwze', 'es': 'Hyrmxblgqs', 'fr': 'Iftqkei'}",10,32.85,rypegqaqbip.jpg
5,ebdd6c00-6f81-11e6-ac5f-f19f27fb34f3,"{'en': 'Dihowd', 'es': 'Depkicgxdfyt', 'fr': 'Aormuwkmssgys'}",13,29.75,gcabdids.jpg
5,a5b5a100-8bee-11e6-86d5-e38632a7a2f3,"{'en': 'Xsqndrpaiv', 'es': 'Ammbtlllo', 'fr': 'Qltlar'}",15,39.93,rddaxhikks.jpg
5,ba23a880-0150-11e7-bb19-0c0012efbe30,"{'en': 'Styygn', 'es': 'Kmvhhhfaaifw', 'fr': 'Vkjjptxrxifcs'}",10,14.95,oitugviuq.jpg
0,c2137480-dda7-11e5-8ce2-8243739b73d7,"{'en': 'Gkpjxm', 'es': 'Gihkaodrcnnw', 'fr': 'Uojpzotuajwr'}",15,21.67,yomlnxysdla.jpg
0,939cac00-08b5-11e6-89f6-2d1c116d989e,"{'en': 'Zgwmdgyirews', 'es': 'Imswlocqzaia', 'fr': 'Lbrffwkr'}",14,39.31,npsswxjsr.jpg
0,ae4e0b00-1168-11e6-9ef2-209a8afd1be9,"{'en': 'Icxkwyoxn', 'es': 'Pqqncysq', 'fr': 'Wiwizvcd'}",13,14.91,oyrbxdunogo.jpg
0,2b930300-4c23-11e6-9090-51bca1f46f93,"{'en': 'Nkmixqjmiys', 'es': 'Xjbibuokykys', 'fr': 'Yvnxzrtibl'}",12,21.06,qswtev.jpg
0,30007f00-66ed-11e6-857f-3a519f95dce1,"{'en': 'Kmctoyhtuwwze', 'es': 'Hyrmxblgqs', 'fr': 'Iftqkei'}",10,32.85,rypegqaqbip.jpg
0,ebdd6c00-6f81-11e6-ac5f-f19f27fb34f3,"{'en': 'Dihowd', 'es': 'Depkicgxdfyt', 'fr': 'Aormuwkmssgys'}",13,29.75,gcabdids.jpg
0,a5b5a100-8bee-11e6-86d5-e38632a7a2f3,"{'en': 'Xsqndrpaiv', 'es': 'Ammbtlllo', 'fr': 'Qltlar'}",15,39.93,rddaxhikks.jpg
0,ba23a880-0150-11e7-bb19-0c0012efbe30,"{'en': 'Styygn', 'es': 'Kmvhhhfaaifw', 'fr': 'Vkjjptxrxifcs'}",10,14.95,oitugviuq.jpg
9,c2137480-dda7-11e5-8ce2-8243739b73d7,"{'en': 'Gkpjxm', 'es': 'Gihkaodrcnnw', 'fr': 'Uojpzotuajwr'}",15,21.67,yomlnxysdla.jpg
9,939cac00-08b5-11e6-89f6-2d1c116d989e,"{'en': 'Zgwmdgyirews', 'es': 'Imswlocqzaia', 'fr': 'Lbrffwkr'}",14,39.31,npsswxjsr.jpg
9,ae4e0b00-1168-11e6-9ef2-209a8afd1be9,"{'en': 'Icxkwyoxn', 'es': 'Pqqncysq', 'fr': 'Wiwizvcd'}",13,14.91,oyrbxdunogo.jpg
9,2b930300-4c23-11e6-9090-51bca1f46f93,"{'en': 'Nkmixqjmiys', 'es': 'Xjbibuokykys', 'fr': 'Yvnxzrtibl'}",12,21.06,qswtev.jpg
9,30007f00-66ed-11e6-857f-3a519f95dce1,"{'en': 'Kmctoyhtuwwze', 'es': 'Hyrmxblgqs', 'fr': 'Iftqkei'}",10,32.85,rypegqaqbip.jpg
9,ebdd6c00-6f81-11e6-ac5f-f19f27fb34f3,"{'en': 'Dihowd', 'es': 'Depkicgxdfyt', 'fr': 'Aormuwkmssgys'}",13,29.75,gcabdids.jpg
9,a5b5a100-8bee-11e6-86d5-e38632a7a2f3,"{'en': 'Xsqndrpaiv', 'es': 'Ammbtlllo', 'fr': 'Qltlar'}",15,39.93,rddaxhikks.jpg
9,ba23a880-0150-11e7-bb19-0c0012efbe30,"{'en': 'Styygn', 'es': 'Kmvhhhfaaifw', 'fr': 'Vkjjptxrxifcs'}",10,14.95,oitugviuq.jpg
6,c2137480-dda7-11e5-8ce2-8243739b73d7,"{'en': 'Gkpjxm', 'es': 'Gihkaodrcnnw', 'fr': 'Uojpzotuajwr'}",15,21.67,yomlnxysdla.jpg
6,939cac00-08b5-11e6-89f6-2d1c116d989e,"{'en': 'Zgwmdgyirews', 'es': 'Imswlocqzaia', 'fr': 'Lbrffwkr'}",14,39.31,npsswxjsr.jpg
6,ae4e0b00-1168-11e6-9ef2-209a8afd1be9,"{'en': 'Icxkwyoxn', 'es': 'Pqqncysq', 'fr': 'Wiwizvcd'}",13,14.91,oyrbxdunogo.jpg
6,2b930300-4c23-11e6-9090-51bca1f46f93,"{'en': 'Nkmixqjmiys', 'es': 'Xjbibuokykys', 'fr': 'Yvnxzrtibl'}",12,21.06,qswtev.jpg
6,30007f00-66ed-11e6-857f-3a519f95dce1,"{'en': 'Kmctoyhtuwwze', 'es': 'Hyrmxblgqs', 'fr': 'Iftqkei'}",10,32.85,rypegqaqbip.jpg
6,ebdd6c00-6f81-11e6-ac5f-f19f27fb34f3,"{'en': 'Dihowd', 'es': 'Depkicgxdfyt', 'fr': 'Aormuwkmssgys'}",13,29.75,gcabdids.jpg
6,a5b5a100-8bee-11e6-86d5-e38632a7a2f3,"{'en': 'Xsqndrpaiv', 'es': 'Ammbtlllo', 'fr': 'Qltlar'}",15,39.93,rddaxhikks.jpg
6,ba23a880-0150-11e7-bb19-0c0012efbe30,"{'en': 'Styygn', 'es': 'Kmvhhhfaaifw', 'fr': 'Vkjjptxrxifcs'}",10,14.95,oitugviuq.jpg
